"","Disease.MESH.ID"
"ERR2238626","D006262"
"ERR2238632","D006262"
"ERR2238634","D006262"
"ERR2238647","D006262"
"ERR2238648","D006262"
"ERR2238665","D006262"
"ERR2238676","D006262"
"ERR2238687","D006262"
"ERR2238695","D006262"
"ERR2238705","D006262"
"ERR2238712","D006262"
"ERR2238715","D006262"
"ERR2238721","D006262"
"ERR2238738","D006262"
"ERR2238745","D006262"
"ERR2238748","D006262"
"ERR2238754","D006262"
"ERR2238756","D006262"
"ERR2238757","D006262"
"ERR2239107","D003863"
"ERR2239132","D006262"
"ERR2239172","D006262"
"ERR2239192","D003863"
"ERR2239205","D003863"
"ERR2239206","D003863"
"ERR2239207","D003863"
"ERR2239212","D006262"
"ERR2239217","D006262"
"ERR2239222","D006262"
"ERR2239223","D003863"
"ERR2239227","D006262"
"ERR2239230","D006262"
"ERR2239231","D006262"
"ERR2239235","D006262"
"ERR2239236","D006262"
"ERR2239237","D006262"
"ERR2239245","D006262"
"ERR2239246","D006262"
"ERR2239247","D006262"
"ERR2239249","D003863"
"ERR2239251","D006262"
"ERR2239254","D003863"
"ERR2239256","D003863"
"ERR2239264","D003863"
"ERR2239265","D003863"
"ERR2239267","D003863"
"ERR2239269","D003863"
"ERR2239270","D006262"
"ERR2239271","D006262"
"ERR2239273","D006262"
"ERR2239275","D006262"
"ERR2239288","D003863"
"ERR2239291","D006262"
"ERR2239293","D006262"
"ERR2239294","D006262"
"ERR2239297","D003863"
"ERR2239299","D003863"
"ERR2239303","D006262"
"ERR2239306","D003863"
"ERR2239307","D003863"
"ERR2239312","D006262"
"ERR2239317","D006262"
"ERR2239318","D006262"
"ERR2239320","D006262"
"ERR2239330","D006262"
"ERR2239331","D006262"
"ERR2239339","D006262"
"ERR2239340","D006262"
"ERR2239352","D006262"
"ERR2239358","D006262"
"ERR2239373","D006262"
"ERR2239383","D006262"
"ERR2239385","D006262"
"ERR2239388","D006262"
"ERR2239390","D006262"
"ERR2239395","D006262"
"ERR2239396","D006262"
"ERR2239402","D006262"
"ERR2239443","D006262"
"ERR2239490","D003863"
"ERR2239509","D006262"
"ERR2239514","D006262"
"ERR2239528","D003863"
"ERR2239532","D006262"
"ERR2239556","D006262"
"ERR2239571","D003863"
"ERR2239572","D003863"
"ERR2239574","D003863"
"ERR2239577","D006262"
"ERR2239578","D006262"
"ERR2239579","D006262"
"ERR2239582","D006262"
"ERR2239583","D006262"
"ERR2239584","D006262"
"ERR2239585","D006262"
"ERR2239586","D006262"
"ERR2239590","D006262"
"ERR2239595","D006262"
"ERR2239596","D006262"
"ERR2239599","D006262"
"ERR2239604","D006262"
"ERR2239606","D006262"
"ERR2239610","D006262"
"ERR2239613","D006262"
"ERR2239615","D006262"
"ERR2239618","D003863"
"ERR2239623","D006262"
"ERR2239627","D006262"
"ERR2239629","D006262"
"ERR2239630","D006262"
"ERR2239632","D006262"
"ERR2239633","D006262"
"ERR2239634","D006262"
"ERR2239635","D006262"
"ERR2239636","D006262"
"ERR2239639","D006262"
"ERR2239640","D006262"
"ERR2239642","D006262"
"ERR2239643","D003863"
"ERR2239644","D003863"
"ERR2239645","D006262"
"ERR2239648","D006262"
"ERR2239669","D006262"
"ERR2239674","D006262"
"ERR2239675","D006262"
"ERR2239677","D006262"
"ERR2239685","D006262"
"ERR2239703","D006262"
"ERR2239708","D006262"
"ERR2239711","D006262"
"ERR2239715","D006262"
"ERR2239716","D003863"
"ERR2239717","D006262"
"ERR2239718","D006262"
"ERR2239726","D006262"
"ERR2239731","D006262"
"ERR2239732","D006262"
"ERR2239734","D006262"
"ERR2239735","D006262"
"ERR2239736","D006262"
"ERR2239738","D006262"
"ERR2239739","D006262"
"ERR2239742","D006262"
"ERR2239743","D006262"
"ERR2239755","D006262"
"ERR2239759","D006262"
"ERR2239760","D006262"
"ERR2239761","D006262"
"ERR2239763","D006262"
"ERR2239767","D006262"
"ERR2239770","D006262"
"ERR2239771","D006262"
"ERR2239780","D006262"
"ERR2239781","D006262"
"ERR2239784","D006262"
"ERR2239787","D006262"
"ERR2239790","D006262"
"ERR2239796","D006262"
"ERR2239799","D006262"
"ERR2239801","D006262"
"ERR2239803","D006262"
"ERR2239804","D006262"
"ERR2239809","D006262"
"ERR2242031","D006262"
"ERR2242043","D006262"
"ERR2242044","D006262"
"ERR2242050","D006262"
"ERR2242051","D006262"
"ERR2242059","D006262"
"ERR2242060","D006262"
"ERR2242061","D006262"
"ERR2242071","D006262"
"ERR2242074","D006262"
"ERR2242077","D006262"
"ERR2242079","D006262"
"ERR2242091","D006262"
"ERR2242103","D006262"
"ERR2242107","D006262"
"ERR2242115","D006262"
"ERR2242121","D006262"
"ERR2242129","D006262"
"ERR2242136","D006262"
"ERR2242137","D006262"
"ERR2242142","D006262"
"ERR2242155","D006262"
"ERR2242156","D006262"
"ERR2242469","D006262"
"ERR2242471","D006262"
"ERR2242476","D006262"
"ERR2242477","D006262"
"ERR2242478","D006262"
"ERR2242480","D006262"
"ERR2242484","D006262"
"ERR2242488","D006262"
"ERR2242496","D006262"
"ERR2242501","D006262"
"ERR2242504","D006262"
"ERR2242507","D006262"
"ERR2242509","D006262"
"ERR2242510","D006262"
"ERR2242513","D006262"
"ERR2242516","D006262"
"ERR2242522","D006262"
"ERR2242525","D006262"
"ERR2242526","D006262"
"ERR2242535","D006262"
"ERR2242537","D006262"
"ERR2242538","D006262"
"ERR2242540","D006262"
"ERR2242541","D006262"
"ERR2242543","D006262"
"ERR2242545","D006262"
"ERR2242549","D006262"
"ERR2242551","D006262"
