"","165179__562_823","310297__46503_166486","818__820","47678__239935","751585__39485_204516","39492__46506_457412","674529__33039_246787","562__823","28111__46228","46503__166486","39777__548_29466","1304__1318","469591__33038_88431","40519__1358_39486","46506__457412","287__29361_328813","100886__301301","33039__246787","457387__1680_1735","1118061__218538_310298","39485__204516","729__74426","187327__329854_658081","33038__88431","1689__40520","387090__2173_411489","29361__328813","218538__310298","33035__469588","154046__328812","39496__817_410072","1680__1735","1203555__29348_47770","28025__40545_360807","1685__454154","39483__658089","29348__47770","137591__626940","1343__658086","158847__469593","328814__821_853","1512__163665","548__29466","214856__469592","550__338188","1531__208479","1358__39486","1535__216816_357276","329854__658081","584__573_1308","817__410072","1623__102862","2173__411489","821__853","116085__28116_39488","40545__360807","216816__357276","908612__28117_40518","457394__39491_487174","573__1308","28116__39488","39491__487174","28117__40518"
"SRR5275394",-3.27712115297936,0,-4.96278079283838,0,0,0,0,5.67614033951896,0,0,0,0,0,0,0,2.95939660445408,0,0,-2.67785791182211,0,0,0,0,0,0,0,-4.68960836488159,0,0,0,0,4.6381859587262,0,0,0,0,0,0,0,0,-2.71145699636374,0,0,0,0,0,0,0,0,0,0,0,0,-4.69638128024009,-2.78575026269638,0,0,0,-2.86869094295367,0,4.82506099218848,4.96871846440843,0
"SRR5275395",0,-2.49360056879636,0,-5.24708826747075,0,0,-3.18080467996376,0,0,4.31904287893795,0,0,0,0,0,0,0,5.5093153146501,0,0,0,0,0,0,0,0,0,0,0,4.21540162338435,0,0,0,0,0,0,0,0,0,0,0,0,0,0,0,0,0,-0.85130898501477,0,0,0,0,0,0,-2.59205845868183,0,0.14508573617412,0,-2.50944738920222,0,4.48957694662561,4.34649037701932,0
"SRR5275396",0,-2.20188646268125,-6.33097659548771,-5.15834731784782,0,0,-2.58774860843669,0,0,-3.81377922586204,0,0,0,0,0,0,0,4.48211206702801,0,-2.95726521676123,0,0,0,0,-4.05442828850762,0,0,5.12213360688664,0,0,0,0,0,0,0,0,0,0,0,0,-2.72253616827882,0,0,0,0,0,0,0,0,0,0,0,0,4.7155709689028,-5.34387616659413,0,0,0,0,0,0.50748192386624,0,0
"SRR5275397",0,6.58823746046382,-0.517560390592636,0,-2.51079330298324,-3.22620333885879,0,0,0,0,0,0,0,0,5.58794809845178,0,0,0,0,0,4.34882156807065,0,0,0,0,0,0,0,0,0,0,0,0,0,0,0,0,0,0,-4.65377546748229,-3.08876665640978,0,0,0,0,0,0,0,0,0,0,0,0,5.34990078162637,-2.6345296605425,0,0,0,5.93252993028426,0,4.5631392261068,0,0
"SRR5275398",0,0,0,0,0,-3.03058705990417,-2.45778160600884,0,0,0,0,0,-4.88745664929016,0,-5.24913076451481,0,0,4.25700261551555,0,-3.0998885138804,0,0,0,-0.0532560524946386,0,0,0,5.36916440384004,0,0,-2.41522352964025,0,0,-2.4021335409888,0,0,0,0,0,0,0,0,0,0,0,-4.67250929710341,0,0,0,0,-4.18328986497275,0,0,0,0,-4.16061733955793,0,0,-3.58139165923347,0,0,6.20315231559578,0
"SRR5275399",0,0,-4.59446049231722,0,0,-2.62690385615631,-2.93926073471733,0,0,0,0,0,-2.91193026538606,0,4.54993094546133,0,0,5.09094892922265,0,-3.20517284232423,0,5.08700931956942,0,5.04361116774618,0,5.52851281359268,0,5.55152220994552,0,0,0,0,0,0,0,0,0,0,0,0,-2.67511534975546,0,0,0,0,0,0,0,0,0,0,0,0,-4.63343570188385,0,0,0,0,-2.63042786735257,0,0,4.5560347118997,0
"SRR5275400",-2.99358082641797,0,-0.757783087831269,0,-3.05836483554822,-2.34031504355368,-2.504371548293,-5.18503408791995,0,0,0,0,0,0,-4.05354456115275,0,0,-4.33769876267341,0,0,-5.29724328325154,0,0,0,0,0,0,0,0,0,0,0,0,0,0,0,0,0,0,3.993196497478,0,0,0,0,0,0,0,0,0,0,0,0,0,0,-2.97505168321748,0,0,0,-2.8991258368147,0,5.15294067047598,5.0214332468987,0
"SRR5275401",-3.62085953708091,0,-4.86152354722464,4.11381558458941,0,0,-2.47463872649274,6.27151268529446,0,0,0,0,0,0,0,0,0,4.28620000466297,0,-2.45029207045334,0,0,0,0,0,0,0,4.24403035940833,0,0,-2.60468217894808,0,0,0,0,0,0,0,0,0,-2.56040418954646,0,0,0,0,0,0,0,0,0,-4.51144187150728,0,0,4.43475014420669,-2.85276797006088,0,0,0,-2.74836398562064,0,4.94113906635057,4.76030606078744,0
"SRR5275402",4.89719631263197,0,0.406268895897901,0,0,5.60819188944997,-2.45501732821794,0,0,0,0,0,0,0,0,0,0.899110142939688,4.25221474593546,0,0,0,0,0,0,0,0,0,0,0,0,-2.51608277068562,0,0,0,0,0,0,0,0,0,0,0,0,0,0,0,0,0,0,0,-4.35798319487616,0,0,0,0,0,0,0,-3.46398583466525,0,0,5.9997994623391,0
"SRR5275403",0,-2.91223255809532,0,0,0,-2.97726528277795,0,0,0,-5.04413475407738,0,0,0,0,5.15677473738232,0,0,0,0,0,0,0,0,0,0,0,0,0,0,0,4.94146484526163,0,0,-2.52030324472123,0,0,0,0,0,0,-3.19109280452888,0,0,0,0,0,0,-2.21766308061095,0,0,0,4.19231957949008,0,-5.52713486911148,-2.20198352327885,-4.36529327033787,3.84110512968787,0,-3.49076918982666,0,3.81394733974849,6.04618959427582,0
"SRR5275404",0,0,-4.3577220272414,-4.2096872400032,0,0,0,0,0,0,-2.80555368949366,0.633725526822012,0,0,0,0,0,0,-3.00811671241464,0,0,0,0,0,0,0,0,0,0,0,0,5.21021098099922,0,0,0,0,0,0,0,0,-5.6503616269011,0,4.85936153356534,0,0,0,0,0,0,0,0,0,0,0.314055168454883,0,0,0,0,-2.96155369674805,0,0,5.12956147211105,0
"SRR5275405",0,-2.70394503407221,0,0,-2.66413101441967,-3.30528778484365,0,0,0,4.68337017988663,0,0,0,0,5.72492637698599,0,0,0,0,-3.31791258926614,-4.61441027499488,0,0,0,0,0,0,-5.74679317968137,0,0,-2.37351990769871,0,0,-2.66819546124144,0,0,0,0,0,0,-4.92976183953901,0,0,0,0,0,0,0,0,0,-4.11105707291037,0,0,-0.00926715158784316,0,-4.62145010339485,0,0,-2.92829432211789,0,0,5.07195454542365,0
"SRR5275406",0,0,0,-5.50848761037572,0,0,0,0,0,0,0,0,0,0,0,0,0,0,-3.15092043538379,-2.99195080807126,0,0,-2.81145826657599,0,0,0,0,5.18221081332618,0,0,-2.83413962249137,5.45755428469178,0,0,0,0,0,0,0,0,-2.5437491596436,0,0,0,0,0,0,-2.67051212805854,4.86958856106915,0,-4.90887382189913,0,0,-4.40590278621336,0,0,4.62546268802627,-2.6448626194383,-2.70642486685818,0,0,4.68766537626621,-4.58103643590685
"SRR5275407",0,0,-5.35887833022479,0,0,0,0,0,0,0,0,-0.42583102184798,0,0,0,0,0,0,0,-2.82534880256887,0,0,0,0,0,0,0,4.89364767515317,0,0,-5.37850367083576,0,0,0,0,0,0,0,4.55261815626591,0,0,0,0,0,0,0,0,0,0,0,-0.364137196933619,0,0,0,-2.88944374612163,0,0,0,-2.90252955532269,0,5.00466337389482,5.0273286602892,0
"SRR5275408",0,0,-5.11254663792974,-5.42696968297285,4.42390218679918,7.13052923126475,0,0,0,0,0,0,0,0,0,0,0,0,0,-2.30064196573353,0,0,0,0,0,0,0,3.98482877467561,0,0,0,0,0,0,0,0,0,0,0,0,0,0,0,0,0,0,0,0,0,0,0,0,0,0,0,0,0,-5.11654577006973,-4.9192265385956,0,0,0.437595022587347,0.739966628424993
"SRR5275409",0,-2.92389941660662,-5.27928611867786,0,-5.32466367178817,-2.70471806046268,0,0,0,-5.06434234578367,0,0,0,0,4.68470910087051,0,0,0,0,-3.0990458566199,-0.358432263311283,0,0,0,0,0,0,-5.36770487865148,0,0,4.9259973696049,0,0,0,0,0,0,0,0,0,-5.835528365233,0,0,0,0,0,0,0,0,0,0,0,0,-0.721045019060398,0,0,0,0,0,0,0,0,0
"SRR5275410",3.14235784089392,0,0,0,0,0,0,4.46606738336497,0,0,0,5.11219670640206,0,0,0,0,-4.65783859801892,0,0,-2.59570244441003,0,0,0,0,0,0,0,-4.49588851504889,0,0,2.5099045133294,0,0,-2.95986707469249,0,0,0,0,0,0,0,0,0,0,0,0,0,0,0,0,-4.44506197573698,0,0,0,0,-5.12664015701765,0,0,-3.25491126238875,0,0,5.63767168058547,0
"SRR5275411",-3.83082235160655,0,-4.39066247161864,0,-1.98361771541739,0,0,6.63517894775304,0,0,0,-0.285844078232337,0,0,0,0,0,0,0,0,-3.43572666589661,0,0,0,0,0,0,0,0,0,0,0,0,0,0,0,0,0,0,0,-2.25447407358785,0,0,0,0,-3.63129341411507,0,0,0,0,0,0,0,3.90486363980094,-2.26443913062247,0,0,-2.43721252155032,0,0,3.92212362488521,0,4.22137591616821
"SRR5275412",6.0655500023165,-2.98799360598223,0,0,6.46524592427168,0,0,0,0,5.17535673825216,0,0,0,0,0,0,0,0,-2.82820617941919,0,0,0,0,0,0,0,0,0,0,0,0,4.89859679703429,0,0,0,0,0,-4.49043593244966,0,0,0,0,0,0,0,0,0,-2.61894791314275,0,0,0,0,0,0,0,0,-4.53615084793972,-5.11760896967918,-2.64877292367889,0,0,4.5878092815246,-0.0131201208655934
"SRR5275413",0,0,-4.18501496298641,4.24795377584184,0,7.23903116424319,0,0,0,0,0,0,-2.52299967622608,0,0,0,0,0,0,4.83947840349422,0,0,0,-4.3699636267034,0,-2.8096299349192,0,0,0,0,0,0,0,0,0,0,0,0,0,0,-2.46237771284209,0,0,0,0,0,0,-2.48436553074885,0,0,0,0,4.86642179774649,-4.26496330606774,0,0,-4.30304732382982,0,-2.37357053314557,0,0,4.11114475875648,0
"SRR5275414",-2.89229416167354,0,0,0,0,0,0,5.00960043845341,0,0,3.34630365430633,-0.0729610571589498,0,0,0,0,0,0,0,0,0,0,0,0,0,0,0,0,0,0,0,0,0,0,3.64677347811956,0,0,0,0,0,-2.28020655905856,0,-4.09419629700174,0,0,0,0,-3.47044620519729,0,0,0,0,0,3.94943361204123,-2.75561050642419,0,6.01098915233631,0,0,0,4.77285740299731,0,0
"SRR5275415",-3.19116619793515,0,-4.81434551264536,-4.80025807726318,-2.55022858073979,0,0,5.52726199022008,0,0,0,0,0,0,0,0,0,0,0,0,4.41712547275558,0,-2.6408268256223,0,0,-3.09591984369156,0,0,0,0,0,0,0,0,0,0,0,0,0,0,-2.85668072754245,0,0,0,0,0,0,0,4.57404623596865,0,0,0,5.36229046543447,4.94791616110636,0,0,0,-2.63662180882461,-3.21493394392823,0,0,5.56842893386149,-4.56676293322838
"SRR5275421",0,0,-4.6388498719214,4.68835909349974,0,-2.95257045355797,-5.80683697023872,0,0,0,0,0,0,0,5.11400203848909,0,0,-0.0192580819107857,0,0,0,0,0,0,0,0,0,0,0,0,0,0,0,0,0,0,0,0,0,0,-2.68192782570505,0,0,0,0,0,0,0,0,0,0,0,0,-4.64523525635387,0,0,0,-5.50972844908653,-2.91127277087709,0,0,5.04247235385094,0.650436085468915
"SRR5275422",4.96733490035477,0,0,4.4372117034049,0,-2.71178629163078,-2.386442876081,0,0,0,0,0,0,0,-4.6969516363733,0,0,4.13344031073309,-6.10628987481142,0,0,0,0,0,0,0,0,0,0,0,-3.16968016040229,-0.326686105346333,0,0,0,0,0,0,0,0,0,0,0,0,0,0,0,0,0,0,5.49004708155984,0,0,0,-2.63622886890991,0,0,0,-2.61146979511518,0,-4.56608234133179,4.52319836757098,0
"SRR5275423",0,0,-6.19336106872646,-5.34334221063414,0,0,0,0,0,0,0,0,0,0,0,0,0,0,-2.43869217681424,0,0,0,4.51856977641447,0,0,0,0,0,0,0,0,4.22393875426301,0,0,0,0,0,0,0,0,-5.04579530347425,0,0,0,0,0,0,0,0,0,0,0,0,0.543789813061579,-2.60893896222957,0,0,-2.89354934854984,-2.66705045242983,0,4.51881483642764,4.61946688995803,-5.01177448589615
"SRR5275424",5.72465173456607,0,0,0,4.67825904771471,-2.79605923011715,0,0,0,0,0,0,-2.4973338055312,0,4.84291664753483,0,0,0,0,-2.50882055644857,0,0,0,4.32550903463937,0,0,0,4.34540467084215,0,0,0,0,0,0,0,0,0,0,0,0,0,0,0,0,0,0,0,0,0,0,0,0,0,0,-2.45624565548434,0,0,-5.16363749048,-3.47529340423921,0,4.2543422711692,6.01938474735132,-0.39788773429101
"SRR5275425",5.44241702441403,0,0,-4.2210145971913,0,0,-2.93881256888908,0,0,0,0,0,0,0,0,0,0.641700862647242,5.0901726832379,-2.75663813247764,0,0,0,0,0,0,0,0,0,0,0,0,-4.77463730353305,0,-2.42544078197125,0,0,0,0,0,0,0,0,0,0,0,0,0,0,0,0,0,0,0,0,0,-4.20098666512379,0,-2.60612831893097,-2.78420004053806,0,0,4.82237592864725,4.51394665943251
"SRR5275426",6.79952098803703,-2.72846876654288,0,0,6.07712036040311,-2.26802406544029,0,0,0,-4.72584653051706,0,0,-2.42773608454738,0,3.9283329141315,0,0,0,0,-3.1168845287527,0,0,0,-4.20496224580439,0,0,0,5.39860236512505,0,0,0,0,0,0,0,0,0,0,0,0,-2.4350522896665,0,0,0,0,0,0,0,0,0,0,0,0,-4.21763428478931,0,0,0,-2.45870041017883,-3.08598976831654,0,0,5.34509107036195,-4.25859403102018
"SRR5275427",3.07203086377616,0,0,0,5.32361657598563,0,0,4.80008771917566,0,0,0,-0.137385686513113,0,0,0,0,4.68055263387346,0,-2.70031809651414,0,0,0,0,0,0,0,0,0,0,0,0,-4.67708813976018,0,0,0,0,0,0,0,0,-2.73296047718368,0,0,0,0,0,0,0,0,0,0,0,0,-4.73362640155981,0,0,0,0,-2.69119679598332,0,0,4.66128958380969,0
"SRR5275428",-5.79047832489855,0,4.59140126135611,-5.46706765720011,0,0,-2.94176094567122,0.443416299457349,0,0,0,0,0,0,0,-2.59134751839633,0,5.09527942162442,0,0,0,0,0,0,0,0,-4.48834556192997,0,0,0,-3.28507958006584,0,0,0,0,0,0,0,0,0,-2.79635886190342,0,0,0,0,0,0,0,0,0,5.68992473958108,0,0,4.84343562501221,0,0,0,0,-2.46190834305183,0,0,4.26415033374347,0
"SRR5275429",-6.38044527189001,0,0,4.1182307330073,0,-2.26602574962633,0,2.42464910743226,0,0,0,0,0,0,3.92487172961215,-1.11574325629723,0,0,0,0,0,0,0,0,0,0,-1.93252400810914,0,0,0,0,0,0,0,0,0,0,0,0,0,-2.09014791132477,0,0,0,0,3.47478776084946,0,0,0,3.8843271997327,0,0,0,3.62024237774847,0,0,0,0,-1.57986039594517,0,0,2.73639847464291,0
"SRR5275430",-3.52267502031819,4.63800171051713,-4.52926664261559,0,0,0,-1.92361959409674,6.10145211374484,0,0,0,0,0,0,0,0,0,3.33180687141058,0,-2.8487377340499,0,0,0,0,0,0,0,4.93415849281307,0,0,0,0,0,0,0,0,0,0,0,0,-2.00174197633986,0,0,0,0,0,0,0,0,0,0,0,0,3.46711880666398,-2.10112921194184,0,0,-2.62515923074852,-3.52203414040635,0,3.63926254835043,6.10034207717597,-4.54690916561487
"SRR5275431",5.44069973951511,0,0,0,0,-2.75620066089991,0,0,0,0,0,0,-2.54137450670114,0,4.77387958053357,0,0,0,0,0,0,0,0,4.40178976666667,0,0,0,0,-4.13526614150082,0,0,0,0,0,0,0,0,0,0,0,-2.42106486077137,0,0,0,0,0,0,0,0,0,0,0,0,4.19340734727569,-2.44179098943819,0,0,-5.33943720008384,-3.45841034655547,0,4.22930605517083,5.99014243365597,-0.177107360443976
"SRR5275432",0,0,-4.15044314126808,-0.966158711916116,-2.31968819076956,-2.27849675455725,-2.76593715446902,0,0,0,0,0,0,0,3.94647214377395,0,0,4.79074368208282,0,0,4.0178178041304,0,0,0,0,0,0,0,0,0,0,0,0,0,0,4.53069981112379,0,0,0,0,-2.17183686399819,0,0,0,0,0,0,0,0,0,0,0,0,3.76173179419592,0,0,0,0,-2.5219164608032,0,0,4.36808744255543,0
"SRR5275433",0,0,-0.330224564545633,-5.38385405870644,0,-2.74707504107045,0,0,0,0,0,0,0,0,-4.75807354333838,0,-4.78859166335851,0,0,0,0,0,-2.9028568343847,0,0,0,0,0,0,0,0,0,0,0,0,0,0,0,0,0,-2.86808278122725,0,0,0,0,0,0,-2.72483693538007,5.02789552425285,0,0,0,0,-4.96766509739905,0,0,4.71955601441855,0,-2.58341071586541,0,0,4.47459861669678,0
"SRR5275434",0,0,0,0,0,-2.6180629711218,0,0,0,0,-2.48123056836883,0.443209764858918,0,0,-4.53461808339769,0,0,0,0,-2.58494634827621,0,0,0,0,-4.76707722904125,0,0,4.47725841005402,0,0,-2.41326336792562,0,0,0,0,0,0,0,0,0,-3.09627758640318,0,-4.29761740970782,0,0,0,0,0,0,0,4.17989476529196,0,0,-5.36291009398704,0,0,0,0,-3.31380689585434,0,0,5.73968191009182,0
"SRR5275435",0,0,0,0,0,-2.80370846759565,0,0,0,0,0,0,0,0,4.85616551548675,0,0,0,0,0,0,4.719965230074,0,0,0,0,0,0,0,0,0,0,0,-2.75886153680744,0,0,0,0,0,0,-6.23163706553741,0,0,0,0,0,0,-2.4497448081478,0,0,0,4.55133856096599,0,0.702469421110488,-2.54354891371406,-4.77848835279805,4.24308247329006,0,-3.05099403308613,0,4.40555595008937,5.28447667889465,0
"SRR5275436",0,-2.43147565993633,-5.92800521879518,0,-2.72943992594264,-3.08472067808508,0,0,0,4.21143938037678,0,0,0,0,5.34289294160167,0,0,0,0,0,4.72752862793968,0,-2.99285137294028,0,0,0,0,0,0,0,0,0,0,0,0,0,0,0,0,0,-5.41305543950817,0,0,0,0,0,0,0,5.18377063743484,0,0,0,0,1.13242606172268,-3.16048170936201,0,0,0,-2.55682225727462,0,5.47411489700713,4.42854605552259,0
"SRR5275437",0,4.92509624398465,-5.25935171797443,0,-2.71294816881661,-2.5154554557253,2.47771640708789,0,0,0,0,0,0,0,4.35689665349254,0,0,4.64032488450809,-5.6038208338172,0,-4.69896406669133,0,0,0,0,0,0,0,0,0,0,1.53039276216038,0,0,0,0,0,0,0,0,0,0,0,0,0,0,0,0,0,0,0,0,0,0,0,0,0,0,-3.3250060533787,0,0,5.75907941992598,0
"SRR5275438",-2.34247352534646,0,0,3.66658351977037,0,0,-2.44142913611331,4.05728316128505,0,0,0,0,-5.42898180823206,0,0,0,0,4.22867930682725,-2.49068941525276,0,0,0,0,-0.232703671719208,0,0,0,0,0,0,0,4.3140006130918,0,0,0,0,0,0,0,0,0,0,0,0,0,-0.238286178504873,0,0,0,-3.69121125286294,0,0,0,0,0,0,0,0,0,6.39336543142859,0,0,0
"SRR5275439",-2.47049146918965,0,0,-0.125625430001688,0,0,0,4.27901674430195,0,0,0,0,-2.51835893293061,0,0,0,0,0,0,0,0,0,0,-4.36192562353077,-5.24129302840057,0,0,0,0,0,0,0,0,0,0,0,0,0,0,0,0,0,0,0,0,0,0,5.28638645991399,0,0,0,0,0,0,2.56954153931985,0,0,0,-2.85841621489288,0,-4.78271562288986,4.95092211337319,0
"SRR5275440",-3.86130561619071,0,0,-3.07953674624641,0,0,0,6.68797751079335,0,0,0,2.83591540436809,0,0,0,0,0,0,0,-1.64007293592709,0,0,0,0,0,0,0,2.84068965314437,0,0,0,0,0,0,0,0,0,0,0,0,-1.95442684691912,0,0,0,0,0,0,0,0,-2.06303490855102,0,0,0,3.38516659854055,-2.38637201840945,0,0,-2.10780549733304,-2.63285911601999,3.57328127939858,4.13331758164586,4.5602457581175,-3.65082621385382
"SRR5275441",0,0,-4.81510311276152,0,-2.61992324065787,0,-3.02428345922744,0,0,0,0,0,-2.55187701655002,0,0,0,0,5.23821260787209,0,0,-4.53784016474994,-4.40057231641774,0,4.41998064733192,0,0,0,0,0,0,-3.09661587582607,0,0,0,0,0,0,0,0,0,-2.86637901768018,0,0,0,0,0,0,0,0,0,-5.36349602845515,0,0,4.96471409237145,0,0,0,-2.71425245933241,-2.83097827211802,0,0,4.90339820243196,-4.70122316413251
"SRR5275442",-2.33877646232436,0,-5.24471966063218,0,0,3.62183397246284,-2.86887377222962,4.05087966029199,0,0,0,0,0,0,5.42058678372404,0,0,4.96903513400348,0,0,0,0,0,0,0,0,0,0,0,0,0,0,0,0,0,0,0,0,0,0,-2.97763091717552,0,0,0,0,-4.1873134260207,0,0,0,0,0,0,0,5.15740803473592,0,0,0,0,-3.06913130764359,0,0,5.31589135993901,0
"SRR5275443",0,0,0,0,4.54674376597228,0,-2.46510774675021,0,0,0,0,0.0305267602337591,0,0,0,0,0,4.269691863503,-2.37517043384331,-3.40425672254731,0,0,0,0,0,0,0,5.89634560545984,0,0,0,4.11391586805203,0,0,0,0,0,0,0,0,-2.81292260113706,0,0,0,0,0,0,0,0,0,0,0,0,-4.87212486292819,0,0,0,-2.63183258374051,-2.60320312310815,0,0,4.5088800716453,-4.55846775205383
"SRR5275444",1.9889292256956,0,0,-4.03705628672008,0,-2.27346293816535,0,4.50898923432101,0,0,0,-0.243526002565453,0,0,-3.9377533180272,0,0,0,-3.44410527380286,0,0,-4.09196088737997,0,0,0,0,0,0,0,0,0,-5.96536532084247,0,0,0,0,0,0,0,0,0,0,0,0,0,0,0,0,0,0,0,0,0,0,0,0,0,0,-2.6166296233605,0,0,4.53213545225019,0
"SRR5275445",0,0,-4.52617311138857,0,-2.81399367058563,-2.56925291589709,0,0,0,0,0,0,0,0,4.45007658782826,0,0,0,0,-3.34103081524277,-4.87398000963155,0,0,0,0,0,0,-5.78683512165374,0,0,0,0,0,0,-4.12538963615164,0,0,0,0,0,-5.35921815311556,0,0,0,0,0,0,0,0,0,0,0,0,-0.360780748069445,0,0,0,-2.94941217689157,-2.89265235428253,0,0,5.01022084625107,-5.10853174283852
"SRR5275446",-3.02897131921826,0,-1.17995625407386,0,0,0,-2.74313356460222,5.24633221955496,0,0,0,0,0,0,0,0,0,-4.75124670583856,-2.55083507581604,0,0,0,0,0,0,0,0,0,0,0,0,4.41817595304219,0,0,0,0,0,0,0,0,-2.71491035848106,0,0,0,4.93560405231125,0,0,0,0,0,0,0,0,4.70236267888422,0,0,0,-2.54264782868202,-3.2790723057796,0,0,5.6795198353023,-4.40399522503195
"SRR5275447",0,0,-4.81070710864505,-1.36118028814836,0,3.73740690199546,-2.6042796218028,0,0,0,0,0,0,0,5.3121581033673,0,0,4.51074462207871,-2.82993802996856,0,0,0,0,0,0,0,0,0,0,0,-2.64212344128556,4.90159645017692,0,0,0,0,0,0,0,0,0,0,0,0,0,0,0,0,0,0,-4.57629204017531,0,0,0,0,0,0,-2.65443478104182,0,0,0,0,-4.59761590614239
"SRR5275448",0,-2.45609863500857,0,0,-1.93181188073406,-2.01654571688367,-2.03589610136298,0,0,-4.25408762423541,0,0,0,0,-3.49275963742791,0,0,3.52627548649208,0,0,-3.34599632809659,0,0,0,0,0,0,0,0,0,0,0,0,0,0,0,0,0,0,0,-4.34535660327878,0,0,0,0,0,0,0,0,0,0,0,0,-0.247688762619396,-1.91360844142984,0,0,-3.41890689582693,-3.61769210431418,0,3.31446704634917,6.26602653081293,-5.92172044991984
"SRR5275449",-2.34642405379815,0,-4.98255168269834,0,0,0,6.07449771502338,4.06412567728012,0,0,0,0,-3.06909035860242,0,0,0,0,0,-2.42204837917609,0,0,0,0,5.31582043411917,0,0,0,0,0,0,0,4.19511085112283,0,0,0,0,0,0,0,0,-3.24485879453925,0,0,0,0,0,0,-2.36864178586276,0,0,0,0,0,5.62026029552869,-3.42450485538029,0,4.10260791804498,0,0,0,5.93141640028497,0,0
"SRR5275450",0,0,0,0,0,5.15537761099341,-2.7241980297843,0,0,0,0,0,-2.43104102850257,0,0,0,0,4.71844939746544,-2.76478027169397,0,0,0,0,-4.21068657665096,0,0,0,0,0,0,0,4.78873990233804,0,0,0,0,0,0,0,0,-5.27612204090461,0,0,0,0,0,0,0,0,0,0,0,0,0.0257151899164545,-2.47117847621899,0,0,-3.12062237010832,-3.14284827874422,0,4.28020667538193,5.44357289926537,-5.40507649626363
"SRR5275451",0,-2.63217703827835,0.383051643103039,0,0,0,0,0,5.60633565380542,-4.55906436481428,0,0,-2.54290919955975,0,0,0,0,0,0,-2.98276040360713,0,0,0,4.4044479326718,0,0,0,5.16629256585221,0,0,0,0,0,0,0,0,0,0,0,0,-2.68486224622679,0,0,0,0,0,0,0,0,0,0,0,0,-4.6503178217883,0,0,0,-3.15061870594723,-2.8930900690106,0,0,5.01097899039931,-5.45703167397751
"SRR5275452",0,0,-4.58134213596762,0,0,-6.01671271390945,-2.75881264833571,0,0,0,0,0,-2.52378295452365,0,0.892667166776067,0,0,4.7784036754811,0,-3.19153043886581,0,0,0,-4.37132030451125,0,0,0,5.52789287401817,0,0,0,0,0,0,0,0,0,0,0,0,-2.92474496472234,0,0,0,0,0,0,0,0,0,0,0,0,5.06580687808033,-2.56738883428522,0,0,0,-3.10557353904605,0,4.44684790376704,5.37901115626925,0
"SRR5275453",0,0,0,-6.09342855394569,0,-3.96377407898911,0,0,0,0,0,3.15686356043001,-2.18269606668856,0,-0.383428185424346,0,0,0,0,0,0,-3.06000752773025,0,-3.78054048498533,0,0,0,0,0,0,-1.87727183537959,0,0,0,0,0,0,3.51962024449581,0,0,0,0,0,0,0,0,0,0,0,0,-3.25153019849554,0,0,0,0,0,0,0,-2.4723400614564,0,0,4.28221860003045,0
"SRR5275454",-2.5075207837239,0,0,0,0,0,0,4.34315339844472,0,0,0,0,-3.07841210929961,0,0,0,0,0,0,-3.25825720748679,0,0,0,5.3319661799422,5.12059359843136,0,0,5.64346702749461,0,4.39262592127133,0,0,-4.32442181451711,0,0,0,0.389672796700974,0,0,0,0,3.59982024477713,0,0,0,-4.12115358743685,0,0,0,0,0,0,0,0,0,0,0,0,0,0,0,0,0
"SRR5275455",1.68112634788513,0,0.323677560812177,5.34498898319203,0,-5.72698872966725,0,0.521264271073617,0,0,0,0,0,0,1.4523747900587,0,0,0,0,0,0,0,0,0,0,0,0,0,0,0,0,0,0,0,0,0,0,0,0,0,0,0,0,0,0,0,0,0,0,0,0,0,0,0,0,0,0,0,-2.42998263148214,0,0,4.20885337923699,0
"SRR5275456",0,-2.75593398439346,0,0,0,0,6.15375642526049,0,0,4.77341768327521,-2.85372799340281,0,0,0,0,0,0,0,0,0,0,0,0,0,0,0,0,0,-0.943528741206976,0,0,0,0,0,0,0,0,0,0,0,0,0,-4.94280187555525,0,0,-0.110563261377102,0,0,0,0,0,0,0,0,-3.59209765732987,0,0,0,0,0,6.22169564824448,0,0
"SRR5275457",0,0,-0.697127438336608,-4.68616214345743,0,0,-3.15812876561181,0,0,0,0,0,0,0,0,-2.70716092001312,0,-5.47003947888444,0,0,0,0,0,0,0,0,-4.68894025772763,0,0,0,-2.58593161348449,0,0,0,0,0,0,0,0,0,-2.92199906840029,0,0,0,-4.49569813793396,0,0,0,0,0,4.4789649394537,0,0,5.06105084613823,0,0,0,-2.79928499562424,0,0,0,0,4.84850383728641
"SRR5275458",0,0,-5.16481515041378,4.39964867355093,-3.04229782858065,0,0,0,0,0,0,0,6.43123714045093,0,0,0,0,0,0,0,-5.26941441085816,0,0,0,0,0,0,0,0,0,0,0,0,0,0,0,0,0,0,0,-3.05921877999051,0,0,0,0,0,0,0,0,0,0,0,0,5.29872235841243,-2.66191192474312,0,0,0,-5.50576308971432,0,4.61056669892854,-0.479433435979088,0
"SRR5275459",-2.69559170273652,-2.64541500010154,0,-6.27987311683766,5.83332692565832,-2.42757514286056,-2.54955661703692,4.66890178560076,0,-4.5819931872807,0,0,0,0,4.20468348662577,0,0,4.41596159748137,0,0,0,0,0,0,0,0,0,0,0,-0.0391978493957584,0,0,0,0,0,0,0,0,0,0,0,0,0,0,0,0,0,0,0,0,0,0,0,0,0,0,0,-2.93169508745175,0,0,0,0,-5.07784484376652
"SRR5275460",-3.37640387864616,0,-3.79759804439041,0,0,-5.05774776308074,0,5.84810306468778,0,0,0,0,0,0,0.977249114862573,0,0,0,0,0,0,0,0,0,0,0,0,0,0,0,-2.91389641921663,0,0,0,0,0,0,0,-3.40191142877388,0,0,0,0,0,0,0,0,-2.76155084968412,0,0,-5.04701664607622,0,0,0,0,0,-4.7831463793379,-3.37518675918361,0,0,0,0,-5.84599495193976
"SRR5275461",-3.15883607375803,-2.79273995419886,-0.778189551557199,0,0,1.74778216841994,0,5.4712645725303,0,4.837167493,0,0,0,0,5.78792737079169,0,0,0,0,0,0,0,0,0,0,0,0,0,0,0,0,0,0,-2.75886226644179,0,0,0,0,0,0,-2.49405304376361,0,0,0,0,0,0,0,0,0,0,0,0,4.31982658857038,0,-4.7784896165618,0,-2.27293069674629,0,0,0,0,-3.9368314488475
"SRR5275462",-5.88121386481594,0,-4.795772210684,0,-2.62805141916227,0,0,2.38608943314144,0,0,0,0,0,0,0,0,0,0,-2.53863948416512,0,-4.55191858289255,0,0,0,0,-2.48381918394674,0,0,0,0,0,4.39705256867443,0,0,0,0,0,0,0,0,-4.88559613776973,0,0,0,0,0,0,0,0,0,0,0,4.30210102341003,0.917987007375881,0,0,0,0,-2.41514902899602,0,0,4.18316082607175,0
"SRR5275463",-3.08237876156257,0,0,-4.4760615780323,0,-2.53896470487961,-2.74597333023533,5.3388366231976,0,0,0,0.55455032867795,0,0,-4.39761586747561,0,5.6260356271921,4.7561653241967,0,0,0,-4.48788061832977,0,0,0,0,0,0,0,0,0,0,0,0,0,0,0,0,0,0,0,0,0,0,0,0,0,0,0,0,0,0,0,0,0,0,0,0,-2.74589199417267,0,0,4.75602444600369,0
"SRR5275464",0,0,-5.56005539190203,4.39158263017604,0,0,-0.125054983265114,0,0,0,0,0,0,0,0,0,0,-0.0117082148487585,0,0,0,0,-2.71711378003768,0,0,0,0,0,0,0,0,0,0,-2.57828426428411,0,0,0,0,0,0,-2.79128753911166,0,0,0,0,0,0,0,4.70617911697078,0,0,0,0,4.83465183627529,0,-4.46571934209542,0,-3.08603560469927,0,0,0,0,-5.34517046130568
"SRR5275465",0,-2.44403429140558,-3.87802836608005,0,-2.53508398490378,0,-2.52772066242151,0,4.4483129170707,-4.23319156815507,0,0,0,0,0,0,0,4.37814061465572,0,0,-4.39089426330752,0,0,0,0,0,0,0,0,0,0,0,0,-2.53200375957282,0,0,0,0,0,0,-2.69957718376706,0,0,0,0,0,0,0,0,0,0,0,0,-4.67580484123826,0,-4.38555915653554,0,-3.43755818068749,-3.28235424998375,0,0,5.6852043294115,-5.95402542292477
"SRR5275466",5.94003307321503,0,0,0,0,-2.6804150904776,-2.70411777859396,0,0,0,0,0,-2.59854339441899,0,-4.64261512208154,0,0,4.68366938217502,-2.44525831176153,0,0,0,0,-4.50080918480618,0,0,0,0,0,0,0,-4.23531163360107,0,0,0,0,0,0,0,4.09016678848818,-2.60166507593723,0,0,0,0,0,0,0,0,0,0,0,0,-4.50621609580083,0,0,0,-2.7711627651732,-3.46741149775333,0,0,6.00573288485726,-4.79979470532305
"SRR5275467",0,0,-5.35549994579327,4.48191409938493,1.64633837254525,-3.09787083953164,0,0,0,0,0,0,0,0,5.36566968935485,0,0,0,0,0,5.87924884499355,0,0,0,0,0,0,0,0,0,0,0,0,0,0,0,0,0,0,0,-5.42249601718621,0,0,0,0,0,0,0,0,0,0,0,0,0.450249155930872,-2.52119228182268,0,0,0,-2.8591393981923,0,4.36683312776739,4.95217470359097,0
"SRR5275468",0,0,0,0,0,-3.10330776476308,-2.81160769378975,0,0,0,0,4.26230133146574,-3.03144493325342,2.30991320235541,-5.37508672009265,0,4.9357092894847,4.86984737659541,0,0,0,0,0,-5.25061664474216,0,0,0,0,0,0,-2.47781144888325,0,0,0,0,0,0,0,0,0,0,0,0,0,0,0,-4.5157209524729,0,0,0,-4.29169532104165,0,0,0,0,0,0,0,-3.2123304925726,0,0,5.56391962383851,0
"SRR5275469",5.16855323698033,0,0,0,0,-2.37944339818001,-3.00223007359196,0,0,0,0,0.0832624456492057,0,0,4.12131685938211,0,0,5.20001502347252,-3.50354953528014,0,0,0,0,0,0,0,0,0,0,0,-2.29478997632978,-6.06832580193953,0,0,0,0,0,0,0,0,-3.08713740184903,0,0,0,0,0,0,0,0,0,-3.97469283170296,0,0,-5.34707882994869,0,0,0,0,-2.87207171312399,0,0,4.97457413011214,0
"SRR5275470",0,0,-4.85122395445566,-6.12578066041758,0,-2.25067387768283,0,0,0,0,0,4.05568332387936,-3.13035042257993,0,3.89828150741471,-2.65429623763938,0,0,0,0,0,0,0,5.42192597740314,0,0,4.59737594193032,0,0,0,0,0,0,0,0,4.12998317053238,0,0,0,0,0,0,0,0,-4.0130362690125,0,0,0,0,-2.7957533789719,0,0,0,0,0,0,0,0,0,4.8423868978117,0,0,0
"SRR5275471",-2.48419541210286,0,-4.93307263442943,0,4.95307723073921,0,0,4.30275266969166,5.48568163889538,0,0,0,0,0,0,0,0,0,0,-2.45078739404093,0,0,0,0,0,0,0,-4.24488828502822,0,0,0,0,0,0,0,0,0,0,0,0,-2.66142034202307,0,0,0,0,0,0,0,0,-2.48343258109015,0,0,0,-4.60971525268129,0,0,0,-2.94431728501878,-3.13449700958844,4.30143140762006,0,5.4291080767799,-5.09970713125579
"SRR5275472",-2.61937631753789,0,-5.42156978564181,4.86272044454308,0,0,0,4.5368928661183,0,0,0,4.77303699570078,0,0,0,0,0,0,0,0,0,0,6.33942433423045,0,0,0,0,0,0,0,0,0,0,0,0,0,0,0,0,0,-2.59843640417523,0,0,0,0,0,0,-2.57667658008249,0,0,0,0,0,4.50062387226807,-2.44814077894031,0,-4.4629347513757,-2.96174594721099,0,0,4.24030421320586,0,5.12989445968064
"SRR5275473",-3.7713598199634,-2.51855483289679,0.351339757317977,0,-2.30137655171827,-3.05429818060098,0,6.53218682180042,0,4.36226493222538,0,0,0,0,5.29019963026608,0,0,0,0,0,-3.98610111492372,0,0,0,0,0,0,0,0,0,0,0,4.40012744928234,0,0,0,0,0,0,0,-2.49895056141266,0,0,0,-3.85531989871186,0,0,0,0,0,0,0,0,4.3283093379695,0,0,0,0,0,0,0,0,0
"SRR5275474",-3.84428993080975,0,0,0,0,0,0,6.65850547918794,0,0,0,0,-2.55161647751764,0,0,0,0,0,0,-1.92223431066287,0,0,0,4.41952938049048,4.63404828416205,0,0,3.32940749012023,0,4.67631318335913,0,0,0,0,0,0,0,0,0,0,0,-1.29646802377343,0,0,0,-3.29759488351315,0,0,0,0,0,-2.69960292614557,0,0,0,0,0,0,0,0,0,0,0
"SRR5275475",-3.83818031849234,0,0,-4.45249948461749,0,-1.78645514993219,0,6.64792332023963,0,0,0,0,0,0,3.09423108512563,0,0,0,-2.65489437061651,0,0,0,0,0,0,0,0,0,0,0,0,4.5984119386364,0,0,0,0,0,0,0,0,0,0,0,0,0,0,0,-3.96003008593644,0,-1.83474518547814,0,0,0,0,0,0,0.067654284969371,0,-2.52240895102957,3.17787188019052,0,4.36894046064972,0
"SRR5275476",0,0,0,0,0,-2.82239822847874,-2.86323884072075,0,-4.54254183587322,0,0,0,-2.65571619712149,0,-4.88853713091757,0,0,4.95927514633295,-2.59848936244687,-2.98135144797454,0,0,0,-4.59983538389802,-4.40194476029923,-2.57588120907328,0,5.16385218311095,0,0,0,4.50071559868524,0,0,0,0,0,0,0,0,0,0,0,0,0,0,0,0,0,0,0,0,4.46155712837687,0,0,0,0,0,-3.22649586349284,0,0,5.58845476598042,0
"SRR5275477",3.13209992796214,0,-4.77385413950121,0,0,0,0,-4.70876547988824,0,0,0,0,0,0,0,0,0,0,0,0,0,0,0,0,0,2.36816242662805,0,0,0,0,0,0,0,0,0,0,0,0,0,0,-2.56622441696324,0,0,0,0,0,0,0,0,-2.53689890894227,0,0,4.77039966521772,4.44483107380414,0,0,0,0,-2.92234288940302,4.39403780395407,0,5.06164636158366,0
"SRR5275478",0,0,-4.43080200397658,0,0,-2.87698797990654,-3.03659161325358,0,0,0,0,0,-3.29350274392651,0,-4.98308935396308,-3.26107943090654,0,5.25953095599275,0,0,0,0,0,5.70451408734822,0,0,5.64835526184792,0,0,0,-2.66563460172131,0,0,0,0,-4.33716112134736,0,0,0,0,0,0,0,0,0,0,0,-3.0000858905391,0,0,-4.61701456459494,0,0,0,0,0,5.19630118948425,0,-2.65545685164612,0,0,4.59938618435796,0
"SRR5275479",0,0,1.05212139460177,0,0,-3.38169524831433,0,0,0,0,0,0,0,0,5.85726798579467,0,0,0,0,0,0,0,-2.74791380494374,0,0,0,0,0,0,0,0,0,0,0,0,0,0,0,0,0,-0.703713808790141,0,0,0,0,0,0,0,4.75952632498247,0,0,0,0,1.52553254716156,-2.72263026630926,0,0,-2.84915319739396,0,0,4.71573395147242,0,4.93487809643365
"SRR5275480",3.14745192909785,0,0,0,0,-2.85441044771098,0,4.31352269818158,0,0,0,0,0,-2.60241395212042,-4.94398392109084,0,5.16828266604802,0,-2.7369747412097,0,0,-4.35335036060712,0,0,0,-2.88780572893222,0,0,0,0,0,-4.74057931080789,0,0,0,0,0,0,0,0,0,0,0,0,0,0,-4.50751318739869,0,0,0,0,0,5.00182624489908,0,0,0,0,0,-3.20986748500824,0,0,5.5596535695976,0
"SRR5275481",0,0,0,-4.81844915872101,-3.10848115872398,0,5.33229721946791,0,0,0,0,-0.23906106818044,0,0,0,0,0,0,0,0,-5.38404730128051,0,0,0,0,0,0,0,0,0,0,0,0,0,0,0,0,0,0,0,-2.86964265353019,0,0,0,0,0,0,0,0,0,0,0,0,4.97036687548107,-2.60656296512559,0,0,0,-5.15472146584542,0,4.5146994887249,0.0979589766036309,0
"SRR5275482",0,0,0,0,0,-2.76161535573574,-3.11214592294059,0,0,0,0,0,-5.40334710615829,0,-4.78325810709671,0,0,5.39039485910144,2.21015015470081,0,0,0,0,-0.137411446287159,0,0,0,0,0,0,-2.61625006384493,-5.01405780831154,0,0,0,0,0,0,0,0,0,0,0,0,0,0,0,0,0,0,-4.53147803588475,0,0,0,-2.56946183235827,0,0,0,-3.35812475536844,0,-4.45043844175355,5.81644269445295,0
"SRR5275483",0,-2.12687400925472,-0.535574259334555,0,0,-3.34054317651181,0,0,0,-3.6838538453269,0,0,0,0,5.78599050659599,0,0,0,0,-2.38827182916109,0,0,0,0,0,0,0,4.13660815039246,0,0,0,0,0,0,0,0,0,0,0,0,-4.96818662619755,0,0,0,0,0,0,0,0,-3.00945377996683,0,0,0,1.07089208908809,-3.0335203336223,0,0,0,0,5.21252684993275,5.25421134362711,0,0
"SRR5275484",0,5.20539928270427,-4.99224529520487,4.95294632587,0,-2.50516826852472,0,0,0,0,0,4.57401586116867,0,0,-4.33907872259417,-2.7598388067002,0,0,0,0,0,0,0,0,0,0,-4.78018103390502,0,0,0,0,0,0,0,0,0,0,0,0,0,-2.51739911191889,0,0,-4.90390745964155,0,0,0,0,0,0,0,0,0,4.36026316477229,0,0,0,0,-2.98813344226929,0,0,5.17559894180609,0
"SRR6339448",-2.72541862008856,0,-4.79664358065391,-4.73644850018716,0,0,0,4.72056352188765,0,0,0,0,0,0,0,0,0,0,0,-2.67165741979729,0,0,0,0,0,-2.5484562035126,0,4.62744639150727,0,0,0,0,0,0,0,0,0,0,0,0,-5.23343916883582,0,0,0,0,0,0,0,0,0,0,0,-4.41405562534791,0.054741854749102,0,0,0,-2.8704611635971,-2.68264692231371,0,0,-4.64648076821563,4.97178457650346
"SRR6339449",0,5.58398236576191,-4.64062904024707,-4.63141429670849,0,0,0,0,0,0,0,0,-2.71046833534955,-2.53332308077768,0,0,0,0,0,0,0,0,0,-4.69466886913205,0,0,0,0,0,0,0,0,0,0,0,0,0,0,0,0,-2.92675691103488,0,0,0,0,0,-4.38784428789386,0,0,0,0,0,0,-5.06929167131575,-2.73408464120344,0,0,-2.94064622926964,-2.58900818882269,0,-4.73557351075808,-4.48429372425277,5.09334867618085
"SRR6339450",0,6.57459043009474,-4.36616098481365,0,-2.44546274491961,0,0,0,4.23773223789985,0,0,0,0,0,0,0,0,0,0,0,4.23566572221762,0,0,0,0,0,0,0,0,0,0,0,0,0,0,0,0,0,0,0,-3.00627803031372,0,0,0,0,0,0,-2.42393707895479,0,0,0,0,0,-5.20702629018146,0,0,-4.19838217509979,-2.72523406062877,-5.25899189256291,0,0,0.719450236266325,4.72024385552627
"SRR6339451",0,0,0,0,0,-5.01237766686651,-3.00462689638213,0,0,0,0,0,0,0,-0.013962699252231,0,0,5.20416644232184,-2.81235529061485,0,0,-4.77343550308958,0,0,-4.75744628794438,0,0,0,0,0,0,4.87114225228006,0,-2.51241377307151,0,0,0,0,0,0,0,0,0,0,0,0,0,0,0,-2.95251006955612,0,0,0,0,-3.07039529326253,4.35162830459568,0,0,0,-5.11389745032993,-5.31808064725104,0,0
"SRR6339452",0,0,0,0,0,-5.48955576327416,0,0,0,0,0,0,-2.54762710633044,0,-0.630526191132869,0,0,0,-3.20929176844161,0,0,-4.56781068453152,0,-4.412619586904,-4.35842741641279,0,0,0,0,0,0,5.55865639925345,0,0,0,0,0,0,0,0,0,0,0,0,0,0,0,0,0,0,0,0,0,0,-2.92128654045743,0,0,-5.61531948728638,0,0,-5.05981671153938,0,-0.817133384883566
"SRR6339453",0,0,0,0,0,0,0,0,0,0,0,0,-2.38823022958512,0,0,0,0,0,0,0,0,-5.02231823672785,-2.17669111016598,-4.13653609781331,-4.93659812093123,0,0,0,0,0,-2.41406214550107,0,0,2.67182761302919,0,0,0,0,0,0,0,0,0,0,0,0,0,0,3.77013959519098,-3.52193623333492,-4.18127828863658,0,0,0,-3.18212113458245,4.24312289209491,0,0,0,-6.10017249715384,-5.51159548093553,0,0
"SRR6339454",0,0,0,0,0,-2.56460014070594,-2.78370533254065,0,0,0,0,0,0,0,-4.44201774480097,0,0,4.82151906926082,0,0,0,-4.9559152825089,-2.4813328160359,0,-5.17338358395855,0,0,0,0,0,0,0,0,-2.65025884140106,0,0,0,0,0,0,0,0,0,0,0,0,0,0,4.29779450786213,-3.07394817232172,0,0,0,0,-3.25632887513744,4.59038296651527,0,-2.53535654919233,0,-5.32423441429471,-5.64012705789165,0,4.39136635850361
"SRR6339455",0,0,-4.54320138958822,-5.04467183028677,0,0,0,0,0,0,0,0,-2.58464907466531,0,0,0,0,0,-2.53332308077768,0,0,0,0,-4.4767435170562,0,-5.68324675680485,0,0,0,0,0,4.38784428789386,0,0,0,0,0,0,0,0,-2.8324011679143,0,0,0,0,0,0,0,0,0,0,0,-0.459451531689818,-4.905862730245,0,0,0,-5.45566757244562,0,0,0,0,0.495603678192751
"SRR6339456",0,0,-0.327843353662713,-4.61434811309249,0,0,0,0,0,0,0,0,-2.50695454823347,0,0,0,0,0,0,-2.55814620360218,0,0,0,-4.34217264980626,0,-2.83282749748814,0,4.43083919782841,0,0,0,0,0,0,0,0,0,0,0,0,-2.96301881842034,0,0,0,0,0,0,0,0,0,0,0,-4.90660115472765,-5.13209913728674,0,0,0,-2.88472539720617,-2.75190759560646,0,0,4.7664437733251,4.9964909538454
"SRR6339457",0,0,-4.39259320539467,0,0,-2.51442902931731,-2.42388072723913,0,0,0,0,0,-2.40358546428402,0,-4.35511883080368,0,0,-4.19828457106518,0,0,0,0,0,-4.16313214447395,0,0,0,0,0,0,-2.44859815631599,0,0,0,0,0,0,0,0,0,-3.17293728003052,0,0,0,0,0,0,-2.38581017246472,0,0,-4.24109641405877,0,0,-5.49568857824227,0,0,-4.13234443592356,-2.74525128295408,-3.27542628343454,0,0,5.67320473935512,4.75491470162012
"SRR6339458",0,0,-4.74436525115885,0,0,0,0,0,0,0,0,0,0,0,0,0,0,0,0,0,0,0,0,0,0,0,0,0,0,0,-2.42676618966544,0,0,-5.31724511031738,0,0,0,0,0,0,-6.22905314928135,0,0,0,0,0,0,0,0,-2.5978101112035,4.20328233859088,0,0,1.37209706551433,-2.57287634776422,0.81707937579888,0,-2.80757261654913,0,-4.49953910102061,-4.45635255591988,0,4.86285841780219
"SRR6339459",0,0,-5.41784959935532,0,0,0,0,0,0,0,0,0,0,-2.44050877509446,0,0,0,0,0,0,0,0,0,0,0,0,0,0,0,0,0,0,0,-5.18489400154354,0,0,0,0,0,0,-6.1725184286353,0,0,0,0,0,4.22708519478129,0,0,-2.73551795635784,0,0,0,1.38719332367852,0,-0.359580243180433,0,-2.74655050117746,0,-4.73805608542876,0,0,4.75716501359312
"SRR6339460",0,0,-5.40086483998795,0,0,-2.52647075693569,0,0,0,0,0,0,0,0,-4.37597571484961,0,-4.13746282288311,0,0,0,0,0,0,0,0,0,0,0,0,0,-2.50451850102451,0,0,-2.4546854602416,0,0,0,0,0,0,-6.16702141313612,0,0,0,0,0,0,0,0,0,4.3379532922707,0,0,1.55286409915395,0,4.25163993373904,0,-2.96002312370598,0,0,0,0,5.1269104418375
"SRR6339461",0,0,-5.0173342636924,0,0,-2.9490515019637,0,0,0,0,0,0,-2.59409540597203,0,-5.10790703553844,0,0,0,0,0,0,-4.3486405543776,0,4.49310504282457,0,0,0,0,0,0,-2.59986925708339,0,0,-2.84787385634391,0,0,0,0,0,0,-3.3854121292276,0,0,0,0,0,0,0,0,0,4.50310564630479,0,0,5.86370581238214,-2.57462165386049,4.93266221273477,0,0,-2.82204962241306,0,-4.45937551475338,4.88793332749998,0
"SRR6339462",0,0,-5.4823454101416,0,0,-2.75721288545287,0,0,0,0,0,0,-2.5061152383817,0,-4.77563280488796,0,0,0,-2.62190265126528,0,0,0,0,4.34071892249969,0,0,0,0,0,0,-2.52212760079608,4.54126860449102,0,-2.56173669234116,0,0,0,0,0,0,-3.26994658088861,0,0,0,0,0,0,0,0,0,4.3684531477506,0,0,5.6637136161352,-2.4176980147937,4.43705810674834,0,0,-3.31029317891199,0,-4.1875757989811,5.73359597382425,0
"SRR6339463",0,-2.7169132981114,-0.324115282863558,0,0,-2.72965472910221,0,0,-4.57452362388165,4.70583187208848,0,0,0,0,-4.72790067792569,0,0,0,0,-3.0119264684964,0,0,0,0,0,0,0,5.21680967209726,0,0,0,0,0,0,0,0,0,0,0,0,-5.73794533192989,0,0,0,0,0,0,0,0,0,0,0,0,-0.388932405915159,0,0,0,-2.73631678556698,0,0,0,0,4.73943969820557
"SRR6339464",0,-2.77758781240579,-4.98873757887273,-4.76280036306868,0,0,-2.63352617069685,0,0,4.81092321357092,0,0,0,0,0,0,0,4.56140113070926,0,-2.82534446269749,0,0,0,0,0,0,0,4.89364015827545,0,0,-2.49740302878479,0,0,0,0,0,0,0,0,0,-2.78654396731343,0,0,0,0,0,0,0,0,0,4.32562893283165,0,0,-4.82643572891141,0,0,0,-3.05641578387472,-2.75356963674813,0,0,-4.76932251302673,5.29386742672648
"SRR6339465",0,-2.65261773462613,-4.80350906433084,0,-2.69200549150045,-2.63844368459824,0,0,0,4.59446868943071,0,0,0,0,-4.56991851463338,0,0,0,0,-2.95049959444342,4.6626902855332,0,0,0,0,0,0,5.11041520528738,0,0,0,0,0,0,0,0,0,0,0,0,-5.77996926809146,0,0,0,0,0,0,0,0,-2.7180010230673,0,0,0,-0.391639701318744,0,0,0,-2.84496227851299,0,-4.70771586697676,0,0,4.92761921200143
"SRR6339466",0,-2.7537093130365,-4.6265053745906,0,0,-2.82226644290236,0,0,0,4.76956443945481,0,0,0,0,-4.88830887160358,0,0,0,0,0,0,0,0,0,0,0,0,0,0,0,0,0,0,0,0,0,0,0,0,0,-5.72813212177404,0,0,0,0,0,0,0,0,-2.63767369421362,0,0,0,0.243772174668159,0,0,0,-2.89085612793152,-5.20987344659811,-4.56858485216588,0,0.0244360857046786,5.00710969094922
"SRR6339467",0,0,-4.49805444754518,0,-1.13414101147501,-2.62424911109799,0,0,0,0,0,0,0,0,-4.54533279213918,0,0,0,0,0,-0.352232365619132,0,0,0,0,0,0,0,0,0,0,0,0,0,0,0,0,0,0,0,-5.8642964900015,0,0,0,0,0,0,0,0,0,0,0,0,0.108195222853168,0,0,0,2.43745360654441,0,0,0,0,4.71655933689278
"SRR6339468",0,-2.44187981665279,0,0,0,-2.84311272420831,0,0,0,4.22945990841961,0,0,0,0,-4.92441568997436,0,0,0,0,-2.78604117111365,0,0,0,0,0,0,0,4.82556486034754,0,0,0,0,0,0,0,0,0,0,0,0,-5.82489910188806,0,0,0,0,0,0,0,0,0,0,0,0,-0.41228987488113,0,0,0,-5.39464842426922,-5.69588361186103,0,0,1.53669103078009,-0.496719411763917
"SRR6339469",0,-2.49266610248115,-4.73393469240729,0,-5.8218081953897,0,0,0,0,4.31742433580205,0,0,0,0,0,0,0,0,0,0,0.0510993336330483,0,0,0,0,0,0,0,0,0,0,0,0,0,0,0,0,0,0,0,-0.377560746225288,0,0,0,0,0,0,0,0,0,0,0,0,0.444417037304206,0,0,0,2.97577621060625,0,0,0,0,4.90203591133568
"SRR6339470",0,0,-4.83266000462668,0,-2.57153474773668,0,0,0,0,0,0,0,-2.527737370548,0,0,0,0,0,0,-2.72906492556491,-4.45402883650874,-4.38235105589426,0,-4.3781695539797,0,0,0,4.7268791082326,0,0,0,0,0,0,0,0,0,0,0,0,-2.86766882494182,0,0,0,0,0,0,0,0,-2.99622875574235,0,0,0,4.96694810408058,0,0,0,3.23746970553927,0,-5.18962043604463,0,0,4.87900682888594
"SRR6339471",0,0,-4.99074358349479,0,5.57185977113616,-2.65235451844005,0,0,0,0,0,0,0,0,-4.59401278562305,0,0,0,-2.67525596088532,0,0,0,0,0,0,0,0,0,0,0,0,4.63367924750486,0,0,0,0,0,0,0,0,-5.92818270900103,0,0,0,0,0,0,0,0,0,0,0,0,0.439056982415879,0,0,0,-0.295950119415309,0,0,0,0,-0.344419818229365
"SRR6339472",0,0,-4.84082650618814,0,5.89826783544467,-2.50881786410396,0,0,0,0,0,0,0,5.0472803599163,-4.3454000075645,0,0,0,-2.64430176248615,0,0,0,0,0,0,0,0,0,0,0,0,4.58006500316993,0,0,0,0,0,0,0,0,-6.06228102673253,0,0,0,0,0,0,0,0,0,0,0,0,-0.224568217734889,0,0,0,-2.85483575417461,-2.53798450441384,0,0,4.39591811046729,-4.94472057349463
"SRR6339473",0,0,-5.04334705675496,0,0.0551088946972314,0,0,0,0,0,0,0,0,0,0,0,0,0,0,0,0.0317487065385579,0,0,0,0,0,0,0,0,0,0,0,0,0,0,0,0,0,0,0,-5.57737730998346,0,0,0,0,0,0,0,0,-2.89669734508269,0,0,0,0.701799735897362,0,0,0,2.59148755998062,0,-5.01722697583309,0,0,4.52476872445496
"SRR6339474",0,0,-0.125843202332375,0,-2.7600585704622,0,0,0,0,0,0,0,0,0,0,-2.85345202974936,0,0,0,-2.76186965668987,4.78056167590645,0,0,0,0,0,-4.94232389248643,4.78369856926967,0,0,0,0,0,0,0,0,0,0,0,0,-5.81482138984101,0,0,0,0,0,0,-2.85622745053417,0,0,0,0,0,0.284754041697549,0,0,-4.9471310622981,-2.82723475359448,0,0,0,0,4.89691423815012
"SRR6339475",0,-2.58901593147126,0,0,-2.86075876529366,-2.56252466959697,0,0,4.74811124069775,-4.48430713491349,0,0,0,0,-4.4384229233906,0,0,0,0,-2.59415548384922,4.95497952968662,0,0,0,0,0,0,4.49320910076027,0,0,0,0,0,0,0,0,0,0,0,0,-6.04902837645441,0,0,0,0,0,0,-2.63814174681727,0,0,0,0,0,-0.446352801473016,0,0,-4.56939554305603,0,-3.23962021843255,0,0,5.61118681555256,0
"SRR6339476",0,0,4.57586465720759,0,-2.86818718163222,0,0,0,4.98390643698191,0,0,0,0,0,0,-2.89477401472066,0,0,0,-2.74088892407291,4.96784592420479,0,0,0,0,0,-5.01389566992631,4.74735887439707,0,0,0,0,0,0,0,0,0,0,0,0,-6.00679490164195,0,0,0,0,0,0,-2.86539774018861,0,0,0,0,0,0.145394147860505,0,0,-4.96301446989973,-2.77301557999232,0,0,0,0,4.80300387472678
"SRR6339477",0,0,0.170880591733401,0,-2.71689065686868,0,0,0,0,0,0,0,0,0,0,-3.06148495307938,-4.78164198583791,0,0,-2.78712921394514,4.70579265630574,0,0,0,0,0,-5.30264748534111,4.82744940581249,0,0,0,0,0,0,0,0,0,0,0,0,-2.85232715538665,0,0,0,0,0,0,-2.98793199622849,0,0,0,0,0,-4.94037555293809,0,0,-5.17525002702844,-2.61570544694169,0,0,0,0,4.53053473173767
"SRR6339478",0,0,-4.55517215410253,4.27682356683826,0,-2.47674836039469,0,0,-4.0832857751396,0,0,0,0,0,-4.28985399776651,0,0,0,0,-3.14277136122273,0,0,0,0,0,0,0,-5.44343967421017,0,0,0,0,0,0,0,0,0,0,0,0,-3.0230018056423,0,0,0,0,0,0,0,0,-2.45488369161744,0,0,0,-5.23599271874492,0,0,0,-2.83319560970937,-3.13563222291889,-4.25198328055366,0,5.43107432394565,4.90723874379771
"SRR6339479",0,0,-4.51833664473039,4.31074146527498,0,-2.57298564826297,-2.59250724057724,0,-4.86483979274764,0,0,0,0,0,-4.45654186993701,0,0,4.49035425966997,0,-2.74836997469561,0,0,0,0,0,0,0,-4.76031643416959,0,0,0,0,0,0,0,0,0,0,0,0,-2.92267420941231,0,0,0,0,0,0,0,0,-2.50171731338215,0,0,0,-5.06222022467333,0,0,0,-3.16945337431892,0,-4.33310149295259,0,0,5.48965427654099
"SRR6339480",0,-2.42391387624918,0,0,0,0,-5.72086686608909,0,0,4.1983419868348,0,0,0,0,0,0,0,-1.04825336323274,0,0,0,0,0,0,0,0,0,0,0,0,0,0,0,-2.54572655876466,0,0,0,0,0,0,2.41047235879369,0,0,4.24554648742256,0,0,0,0,0,0,0,0,0,-5.01081432470577,0,-4.40932774195787,0,-3.23628048706833,-2.57300750485159,0,0,-4.45657972665899,5.6054022311461
"SRR6339481",0,0,0,0,0,0,-5.73411829288651,0,0,0,0,0,-2.57544349382153,0,0,0,-5.30813021624296,-1.16842821074746,0,0,0,0,0,-4.46079898332159,0,0,0,0,0,0,0,0,0,0,0,0,0,0,0,0,2.71646032787461,0,0,0,0,0,0,0,0,0,0,0,0,-4.31609863766995,0,0,0,-3.05673599656784,-2.47985999637208,0,0,-4.29524350937401,5.29442205138019
"SRR6339482",0,5.99222903409653,-5.27395684138439,0,0,0,0,0,0,0,0,0,0,-2.46695546691812,0,0,0,0,0,0,0,0,0,0,0,0,0,0,0,0,0,0,0,0,0,0,0,0,0,0,-2.70289866089144,0,0,0,0,0,4.27289220871199,-2.46611038044166,0,-2.65725291086074,0,0,0,-4.68155780837386,-2.48233234117916,0,-4.27142847599796,-2.95249099906826,-2.70278567276138,-4.60249705017109,-4.2995257361937,-4.68136210719194,5.11386441927602
"SRR6339483",0,0,-4.51552484320578,-4.57540333222802,0,0,0,0,0,0,0,0,-2.5424470416869,-5.14945954753329,0,0,0,0,0,0,0,0,0,-4.4036474517549,0,0,0,0,0,0,0,0,0,0,0,0,0,0,0,0,-2.67797089685708,0,0,0,0,0,0.614913296289763,-2.6051311261523,0,0,0,0,0,-4.63838165454726,0,0,-4.51221947087491,-3.13662548245451,-2.8766873962804,0,0,-4.98256872785068,5.43279469992646
"SRR6339484",0,5.41195987881075,-5.20344620499909,-4.8689739112478,0,0,0,0,-4.33407357199587,0,0,0,0,-2.52020768879585,0,0,0,0,0,0,0,0,0,0,0,0,0,0,0,0,0,0,0,0,0,0,0,0,0,0,-2.79494533687373,0,0,0,0,0,4.36512776262015,-2.89461132170842,0,0,0,0,0,-4.84098732784302,0,0,-5.01361387736309,-2.9333720579689,-2.68156030716636,0,0,-4.64459869557214,5.08074944190501
"SRR6339485",0,0,0,0,0,0,-2.51517324681855,0,0,0,0,0,-2.63578524930983,0,0,-2.59604070759384,0,-4.3564078533277,0,0,0,0,0,-4.56531396964522,0,0,-4.4964744040696,0,0,0,0,0,0,0,0,0,0,0,0,0,-2.75971431845088,0,0,4.32075430622904,0,0,0,-2.53139281320078,0,0,0,0,0,-4.77996541393225,0,0,4.38450096637846,-3.11002449204131,-5.8658328890012,0,0,1.48222903564559,5.38672043299914
"SRR6339486",0,0,-5.99423488723473,-4.84929890557884,0,-2.91257919219848,0,0,0,0,0,0,0,0,5.04473514195568,0,0,0,0,-2.66880997708747,0,0,-2.9464113658253,0,0,0,0,4.62251447606223,0,0,-2.45445791336928,0,0,0,0,0,0,0,0,0,0,0,0,0,0,0,0,-2.78183085351521,-5.10333418560783,-2.48755319041593,4.25124581099509,0,0,0,-2.88037849390349,0,-4.81827237635104,0,0,-4.30856851233045,4.98896189646956,0,0
"SRR6339487",0,0,-5.37940024361062,0,0,-3.25217670244666,-2.71567508296601,0,0,0,0,0,0,0,5.63293528382943,0,0,4.70368722054596,0,-2.41418776819576,0,0,-3.37714589149538,0,0,0,0,4.18149587352637,0,0,-2.38069819076207,0,0,0,0,0,0,0,0,0,-2.41215268222484,0,0,0,0,0,0,-2.60048917520261,-5.84938826864249,0,4.12349022388721,0,0,-4.17797100122696,-2.30967363042378,0,-4.50417937598381,0,0,0,-4.00047207679606,0,0
"SRR6339488",0,-2.76170231405458,-5.66914963046278,0,0,-3.32889646019587,0,0,0,-4.78340872332307,0,0,0,0,5.76581780219543,0,0,0,0,-2.84214701543561,0,0,-2.75557446687498,0,0,0,0,4.92274303331473,0,0,0,0,0,0,0,0,0,0,0,0,-2.90976356123998,0,0,0,0,0,0,-2.61670507951559,-4.77279498066699,0,0,0,0,-5.03985832608021,-5.31875039695232,0,-4.53226614614456,0,0,0,0.648255504953334,0,0
"SRR6339489",0,-2.53120552785218,-5.42083138858452,0,0,-3.44491207945783,0,0,0,-4.38417657863917,0,0,0,0,5.96676274922871,0,0,0,0,-2.68572983472916,0,0,-2.72873907033623,0,0,0,0,4.65182052915448,0,0,0,0,0,0,0,0,0,0,0,0,-2.73514386051582,0,0,0,0,0,0,-2.59113300434062,-4.72631471042062,0,0,0,0,-4.73740813242349,-5.51637846200191,0,-4.48797401268654,0,0,0,0.637310441871132,0,0
"SRR6339490",0,0,0,0,-2.65644355210695,0,-3.21251546107132,0,-4.23270225966283,0,0,0,0,4.85131406271267,0,0,0,-5.56423999867608,0,0,4.60109519968798,0,0,0,0,0,0,0,0,0,-2.4526993789794,0,0,0,0,0,0,0,0,0,-2.89687950259649,0,0,0,0,0,0,-2.7192064850603,0,-3.04763415225452,-4.24819994008495,0,0,-5.01754248190198,0,0,-4.70980378839522,-2.53819751943477,0,-5.27865719458693,0,0,4.39628706330631
"SRR6339491",0,0,0,0,-2.9831325251602,0,-3.24241311397872,0,0,0,0,0,0,4.82727151749802,0,0,0,-5.61602425253877,0,0,5.16693709928872,0,0,0,0,0,0,0,0,0,0,0,0,0,0,0,0,0,0,0,-2.40274495536528,0,0,4.23113638570183,0,0,0,-2.29198336666388,0,-3.24981186358867,0,0,0,-4.16167634032248,0,0,-3.96983164116461,-2.47014827160957,-2.46712099444584,-5.62883926277568,0,-4.27317891080005,4.27842230865622
"SRR6339492",-2.43175052478738,-2.5979670450677,0,0,0,0,-2.6796530722128,4.21191546026402,0,4.49981091844684,0,0,0,0,0,0,0,4.6412952677306,0,0,0,0,0,0,0,0,0,0,0,0,-2.89799098249864,0,0,0,0,0,0,0,0,0,0,0,0,0,0,0,0,-3.00223409342575,0,-3.29269839899846,5.01946762156409,0,0,0,0,0,-5.2000219860289,-2.58697898532625,-4.99783517566369,-5.70312092106603,0,0.351422087555877,4.48077904069804
"SRR6339493",0,0,0,0,0,-2.38774519137225,-3.58460919780354,0,0,0,0,0,0,0,-4.13569598698501,0,0,-6.20872525587444,0,0,0,-4.08446368763254,0,0,0,0,0,0,0,0,-2.43426126386106,0,0,0,0,0,0,0,0,0,0,0,0,0,0,0,0,-2.56596936706922,0,-2.81786948564842,-4.21626418790418,0,0,0,-2.46298964829569,0,-4.44438931442925,-2.46736245477269,-2.51702193944606,-4.88069311824104,-4.26602320936433,-4.35960988288614,4.27359713235416
"SRR6339494",0,0,-4.47505490420234,0,0,-3.30407093136636,-2.78774761385614,0,0,0,0,0,0,0,5.72281872493796,0,0,4.82852050587773,0,-2.49003167592427,0,0,-3.32369304263252,0,0,0,0,4.31286137515672,0,0,0,0,0,0,0,0,0,0,0,0,-2.70102404103958,0,0,0,0,0,0,-2.85006748185944,-5.75680521860272,0,0,0,0,-4.67831087154556,-5.24821598143358,0,-4.93646168358044,0,0,0,0.485573159822952,0,0
"SRR6339495",0,0,-4.89792788285306,-4.39858326042022,0,0,0,0,0,0,0,0,-2.53813112079286,0,0,0,0,0,0,0,0,-4.43272937326513,0,-4.39617205748497,0,-5.42153482259031,0,0,0,0,0,0,0,0,0,0,0,0,0,0,-3.0123384382819,0,0,0,0,0,0,0,0,0,0,0,-0.522032903358311,-5.21752322469694,0,0,0,-2.70887570807397,-2.60910325954886,0,0,4.51909940773219,4.69191035777323
