-3.2771211529793596,0.0,-4.962780792838379,0.0,0.0,0.0,0.0,5.67614033951896,0.0,0.0,0.0,0.0,0.0,0.0,0.0,2.95939660445408,0.0,0.0,-2.6778579118221097,0.0,0.0,0.0,0.0,0.0,0.0,0.0,-4.68960836488159,0.0,0.0,0.0,0.0,4.638185958726201,0.0,0.0,0.0,0.0,0.0,0.0,0.0,0.0,-2.71145699636374,0.0,0.0,0.0,0.0,0.0,0.0,0.0,0.0,0.0,0.0,0.0,0.0,-4.6963812802400895,-2.78575026269638,0.0,0.0,0.0,-2.86869094295367,0.0,4.82506099218848,4.96871846440843,0.0,D065626
0.0,-2.49360056879636,0.0,-5.24708826747075,0.0,0.0,-3.1808046799637597,0.0,0.0,4.3190428789379505,0.0,0.0,0.0,0.0,0.0,0.0,0.0,5.5093153146501,0.0,0.0,0.0,0.0,0.0,0.0,0.0,0.0,0.0,0.0,0.0,4.21540162338435,0.0,0.0,0.0,0.0,0.0,0.0,0.0,0.0,0.0,0.0,0.0,0.0,0.0,0.0,0.0,0.0,0.0,-0.85130898501477,0.0,0.0,0.0,0.0,0.0,0.0,-2.59205845868183,0.0,0.14508573617412,0.0,-2.50944738920222,0.0,4.48957694662561,4.34649037701932,0.0,D006262
0.0,-2.2018864626812498,-6.33097659548771,-5.15834731784782,0.0,0.0,-2.58774860843669,0.0,0.0,-3.81377922586204,0.0,0.0,0.0,0.0,0.0,0.0,0.0,4.48211206702801,0.0,-2.9572652167612303,0.0,0.0,0.0,0.0,-4.05442828850762,0.0,0.0,5.122133606886639,0.0,0.0,0.0,0.0,0.0,0.0,0.0,0.0,0.0,0.0,0.0,0.0,-2.72253616827882,0.0,0.0,0.0,0.0,0.0,0.0,0.0,0.0,0.0,0.0,0.0,0.0,4.7155709689028,-5.3438761665941295,0.0,0.0,0.0,0.0,0.0,0.50748192386624,0.0,0.0,D065626
0.0,6.58823746046382,-0.517560390592636,0.0,-2.5107933029832403,-3.22620333885879,0.0,0.0,0.0,0.0,0.0,0.0,0.0,0.0,5.58794809845178,0.0,0.0,0.0,0.0,0.0,4.34882156807065,0.0,0.0,0.0,0.0,0.0,0.0,0.0,0.0,0.0,0.0,0.0,0.0,0.0,0.0,0.0,0.0,0.0,0.0,-4.653775467482291,-3.08876665640978,0.0,0.0,0.0,0.0,0.0,0.0,0.0,0.0,0.0,0.0,0.0,0.0,5.34990078162637,-2.6345296605425,0.0,0.0,0.0,5.932529930284259,0.0,4.5631392261068,0.0,0.0,D006262
0.0,0.0,0.0,0.0,0.0,-3.03058705990417,-2.4577816060088398,0.0,0.0,0.0,0.0,0.0,-4.88745664929016,0.0,-5.24913076451481,0.0,0.0,4.25700261551555,0.0,-3.0998885138804,0.0,0.0,0.0,-0.0532560524946386,0.0,0.0,0.0,5.36916440384004,0.0,0.0,-2.41522352964025,0.0,0.0,-2.4021335409888,0.0,0.0,0.0,0.0,0.0,0.0,0.0,0.0,0.0,0.0,0.0,-4.67250929710341,0.0,0.0,0.0,0.0,-4.18328986497275,0.0,0.0,0.0,0.0,-4.1606173395579304,0.0,0.0,-3.58139165923347,0.0,0.0,6.203152315595781,0.0,D006262
0.0,0.0,-4.59446049231722,0.0,0.0,-2.6269038561563103,-2.9392607347173305,0.0,0.0,0.0,0.0,0.0,-2.9119302653860597,0.0,4.5499309454613295,0.0,0.0,5.090948929222651,0.0,-3.20517284232423,0.0,5.08700931956942,0.0,5.04361116774618,0.0,5.5285128135926795,0.0,5.551522209945519,0.0,0.0,0.0,0.0,0.0,0.0,0.0,0.0,0.0,0.0,0.0,0.0,-2.67511534975546,0.0,0.0,0.0,0.0,0.0,0.0,0.0,0.0,0.0,0.0,0.0,0.0,-4.633435701883849,0.0,0.0,0.0,0.0,-2.63042786735257,0.0,0.0,4.5560347118997,0.0,D065626
-2.99358082641797,0.0,-0.757783087831269,0.0,-3.0583648355482205,-2.34031504355368,-2.504371548293,-5.18503408791995,0.0,0.0,0.0,0.0,0.0,0.0,-4.0535445611527505,0.0,0.0,-4.33769876267341,0.0,0.0,-5.29724328325154,0.0,0.0,0.0,0.0,0.0,0.0,0.0,0.0,0.0,0.0,0.0,0.0,0.0,0.0,0.0,0.0,0.0,0.0,3.993196497478,0.0,0.0,0.0,0.0,0.0,0.0,0.0,0.0,0.0,0.0,0.0,0.0,0.0,0.0,-2.97505168321748,0.0,0.0,0.0,-2.8991258368147004,0.0,5.152940670475981,5.0214332468987,0.0,D065626
-3.6208595370809102,0.0,-4.86152354722464,4.11381558458941,0.0,0.0,-2.4746387264927403,6.27151268529446,0.0,0.0,0.0,0.0,0.0,0.0,0.0,0.0,0.0,4.2862000046629705,0.0,-2.4502920704533397,0.0,0.0,0.0,0.0,0.0,0.0,0.0,4.24403035940833,0.0,0.0,-2.60468217894808,0.0,0.0,0.0,0.0,0.0,0.0,0.0,0.0,0.0,-2.56040418954646,0.0,0.0,0.0,0.0,0.0,0.0,0.0,0.0,0.0,-4.51144187150728,0.0,0.0,4.43475014420669,-2.8527679700608797,0.0,0.0,0.0,-2.74836398562064,0.0,4.94113906635057,4.760306060787441,0.0,D006262
4.897196312631969,0.0,0.406268895897901,0.0,0.0,5.608191889449969,-2.45501732821794,0.0,0.0,0.0,0.0,0.0,0.0,0.0,0.0,0.0,0.8991101429396879,4.25221474593546,0.0,0.0,0.0,0.0,0.0,0.0,0.0,0.0,0.0,0.0,0.0,0.0,-2.51608277068562,0.0,0.0,0.0,0.0,0.0,0.0,0.0,0.0,0.0,0.0,0.0,0.0,0.0,0.0,0.0,0.0,0.0,0.0,0.0,-4.35798319487616,0.0,0.0,0.0,0.0,0.0,0.0,0.0,-3.4639858346652503,0.0,0.0,5.9997994623391,0.0,D065626
0.0,-2.9122325580953197,0.0,0.0,0.0,-2.97726528277795,0.0,0.0,0.0,-5.04413475407738,0.0,0.0,0.0,0.0,5.15677473738232,0.0,0.0,0.0,0.0,0.0,0.0,0.0,0.0,0.0,0.0,0.0,0.0,0.0,0.0,0.0,4.941464845261629,0.0,0.0,-2.52030324472123,0.0,0.0,0.0,0.0,0.0,0.0,-3.1910928045288802,0.0,0.0,0.0,0.0,0.0,0.0,-2.2176630806109503,0.0,0.0,0.0,4.19231957949008,0.0,-5.527134869111481,-2.20198352327885,-4.36529327033787,3.84110512968787,0.0,-3.49076918982666,0.0,3.8139473397484904,6.046189594275821,0.0,D006262
0.0,0.0,-4.3577220272414,-4.2096872400032,0.0,0.0,0.0,0.0,0.0,0.0,-2.80555368949366,0.6337255268220121,0.0,0.0,0.0,0.0,0.0,0.0,-3.0081167124146404,0.0,0.0,0.0,0.0,0.0,0.0,0.0,0.0,0.0,0.0,0.0,0.0,5.21021098099922,0.0,0.0,0.0,0.0,0.0,0.0,0.0,0.0,-5.6503616269011,0.0,4.85936153356534,0.0,0.0,0.0,0.0,0.0,0.0,0.0,0.0,0.0,0.0,0.31405516845488296,0.0,0.0,0.0,0.0,-2.96155369674805,0.0,0.0,5.12956147211105,0.0,D006262
0.0,-2.70394503407221,0.0,0.0,-2.6641310144196697,-3.30528778484365,0.0,0.0,0.0,4.68337017988663,0.0,0.0,0.0,0.0,5.72492637698599,0.0,0.0,0.0,0.0,-3.31791258926614,-4.61441027499488,0.0,0.0,0.0,0.0,0.0,0.0,-5.7467931796813705,0.0,0.0,-2.37351990769871,0.0,0.0,-2.66819546124144,0.0,0.0,0.0,0.0,0.0,0.0,-4.92976183953901,0.0,0.0,0.0,0.0,0.0,0.0,0.0,0.0,0.0,-4.11105707291037,0.0,0.0,-0.009267151587843159,0.0,-4.62145010339485,0.0,0.0,-2.9282943221178903,0.0,0.0,5.07195454542365,0.0,D006262
0.0,0.0,0.0,-5.50848761037572,0.0,0.0,0.0,0.0,0.0,0.0,0.0,0.0,0.0,0.0,0.0,0.0,0.0,0.0,-3.15092043538379,-2.99195080807126,0.0,0.0,-2.81145826657599,0.0,0.0,0.0,0.0,5.18221081332618,0.0,0.0,-2.83413962249137,5.45755428469178,0.0,0.0,0.0,0.0,0.0,0.0,0.0,0.0,-2.5437491596436,0.0,0.0,0.0,0.0,0.0,0.0,-2.6705121280585398,4.8695885610691505,0.0,-4.90887382189913,0.0,0.0,-4.40590278621336,0.0,0.0,4.6254626880262695,-2.6448626194383,-2.70642486685818,0.0,0.0,4.68766537626621,-4.581036435906849,D065626
0.0,0.0,-5.3588783302247895,0.0,0.0,0.0,0.0,0.0,0.0,0.0,0.0,-0.42583102184797994,0.0,0.0,0.0,0.0,0.0,0.0,0.0,-2.82534880256887,0.0,0.0,0.0,0.0,0.0,0.0,0.0,4.8936476751531695,0.0,0.0,-5.37850367083576,0.0,0.0,0.0,0.0,0.0,0.0,0.0,4.55261815626591,0.0,0.0,0.0,0.0,0.0,0.0,0.0,0.0,0.0,0.0,0.0,-0.36413719693361896,0.0,0.0,0.0,-2.8894437461216302,0.0,0.0,0.0,-2.90252955532269,0.0,5.00466337389482,5.0273286602892,0.0,D006262
0.0,0.0,-5.11254663792974,-5.4269696829728495,4.42390218679918,7.13052923126475,0.0,0.0,0.0,0.0,0.0,0.0,0.0,0.0,0.0,0.0,0.0,0.0,0.0,-2.3006419657335297,0.0,0.0,0.0,0.0,0.0,0.0,0.0,3.98482877467561,0.0,0.0,0.0,0.0,0.0,0.0,0.0,0.0,0.0,0.0,0.0,0.0,0.0,0.0,0.0,0.0,0.0,0.0,0.0,0.0,0.0,0.0,0.0,0.0,0.0,0.0,0.0,0.0,0.0,-5.11654577006973,-4.919226538595599,0.0,0.0,0.437595022587347,0.7399666284249928,D065626
0.0,-2.92389941660662,-5.27928611867786,0.0,-5.32466367178817,-2.7047180604626804,0.0,0.0,0.0,-5.06434234578367,0.0,0.0,0.0,0.0,4.68470910087051,0.0,0.0,0.0,0.0,-3.0990458566198997,-0.358432263311283,0.0,0.0,0.0,0.0,0.0,0.0,-5.36770487865148,0.0,0.0,4.9259973696049,0.0,0.0,0.0,0.0,0.0,0.0,0.0,0.0,0.0,-5.835528365233,0.0,0.0,0.0,0.0,0.0,0.0,0.0,0.0,0.0,0.0,0.0,0.0,-0.7210450190603979,0.0,0.0,0.0,0.0,0.0,0.0,0.0,0.0,0.0,D065626
3.14235784089392,0.0,0.0,0.0,0.0,0.0,0.0,4.46606738336497,0.0,0.0,0.0,5.1121967064020595,0.0,0.0,0.0,0.0,-4.65783859801892,0.0,0.0,-2.59570244441003,0.0,0.0,0.0,0.0,0.0,0.0,0.0,-4.49588851504889,0.0,0.0,2.5099045133294,0.0,0.0,-2.95986707469249,0.0,0.0,0.0,0.0,0.0,0.0,0.0,0.0,0.0,0.0,0.0,0.0,0.0,0.0,0.0,0.0,-4.44506197573698,0.0,0.0,0.0,0.0,-5.1266401570176505,0.0,0.0,-3.2549112623887497,0.0,0.0,5.63767168058547,0.0,D065626
-3.8308223516065496,0.0,-4.39066247161864,0.0,-1.98361771541739,0.0,0.0,6.635178947753039,0.0,0.0,0.0,-0.285844078232337,0.0,0.0,0.0,0.0,0.0,0.0,0.0,0.0,-3.43572666589661,0.0,0.0,0.0,0.0,0.0,0.0,0.0,0.0,0.0,0.0,0.0,0.0,0.0,0.0,0.0,0.0,0.0,0.0,0.0,-2.25447407358785,0.0,0.0,0.0,0.0,-3.63129341411507,0.0,0.0,0.0,0.0,0.0,0.0,0.0,3.90486363980094,-2.26443913062247,0.0,0.0,-2.43721252155032,0.0,0.0,3.92212362488521,0.0,4.22137591616821,D006262
6.0655500023165,-2.9879936059822296,0.0,0.0,6.46524592427168,0.0,0.0,0.0,0.0,5.17535673825216,0.0,0.0,0.0,0.0,0.0,0.0,0.0,0.0,-2.8282061794191895,0.0,0.0,0.0,0.0,0.0,0.0,0.0,0.0,0.0,0.0,0.0,0.0,4.89859679703429,0.0,0.0,0.0,0.0,0.0,-4.49043593244966,0.0,0.0,0.0,0.0,0.0,0.0,0.0,0.0,0.0,-2.6189479131427498,0.0,0.0,0.0,0.0,0.0,0.0,0.0,0.0,-4.5361508479397195,-5.11760896967918,-2.6487729236788904,0.0,0.0,4.5878092815246,-0.0131201208655934,D006262
0.0,0.0,-4.18501496298641,4.2479537758418395,0.0,7.23903116424319,0.0,0.0,0.0,0.0,0.0,0.0,-2.52299967622608,0.0,0.0,0.0,0.0,0.0,0.0,4.83947840349422,0.0,0.0,0.0,-4.3699636267034,0.0,-2.8096299349192,0.0,0.0,0.0,0.0,0.0,0.0,0.0,0.0,0.0,0.0,0.0,0.0,0.0,0.0,-2.46237771284209,0.0,0.0,0.0,0.0,0.0,0.0,-2.48436553074885,0.0,0.0,0.0,0.0,4.86642179774649,-4.26496330606774,0.0,0.0,-4.303047323829819,0.0,-2.37357053314557,0.0,0.0,4.11114475875648,0.0,D065626
-2.89229416167354,0.0,0.0,0.0,0.0,0.0,0.0,5.00960043845341,0.0,0.0,3.3463036543063303,-0.0729610571589498,0.0,0.0,0.0,0.0,0.0,0.0,0.0,0.0,0.0,0.0,0.0,0.0,0.0,0.0,0.0,0.0,0.0,0.0,0.0,0.0,0.0,0.0,3.64677347811956,0.0,0.0,0.0,0.0,0.0,-2.28020655905856,0.0,-4.094196297001741,0.0,0.0,0.0,0.0,-3.47044620519729,0.0,0.0,0.0,0.0,0.0,3.94943361204123,-2.7556105064241896,0.0,6.01098915233631,0.0,0.0,0.0,4.772857402997309,0.0,0.0,D065626
-3.1911661979351496,0.0,-4.81434551264536,-4.800258077263179,-2.5502285807397898,0.0,0.0,5.52726199022008,0.0,0.0,0.0,0.0,0.0,0.0,0.0,0.0,0.0,0.0,0.0,0.0,4.41712547275558,0.0,-2.6408268256223,0.0,0.0,-3.09591984369156,0.0,0.0,0.0,0.0,0.0,0.0,0.0,0.0,0.0,0.0,0.0,0.0,0.0,0.0,-2.8566807275424506,0.0,0.0,0.0,0.0,0.0,0.0,0.0,4.574046235968651,0.0,0.0,0.0,5.362290465434469,4.9479161611063605,0.0,0.0,0.0,-2.63662180882461,-3.2149339439282296,0.0,0.0,5.56842893386149,-4.56676293322838,D006262
0.0,0.0,-4.6388498719214,4.688359093499741,0.0,-2.95257045355797,-5.80683697023872,0.0,0.0,0.0,0.0,0.0,0.0,0.0,5.114002038489089,0.0,0.0,-0.0192580819107857,0.0,0.0,0.0,0.0,0.0,0.0,0.0,0.0,0.0,0.0,0.0,0.0,0.0,0.0,0.0,0.0,0.0,0.0,0.0,0.0,0.0,0.0,-2.68192782570505,0.0,0.0,0.0,0.0,0.0,0.0,0.0,0.0,0.0,0.0,0.0,0.0,-4.64523525635387,0.0,0.0,0.0,-5.509728449086531,-2.91127277087709,0.0,0.0,5.042472353850941,0.6504360854689151,D065626
4.9673349003547695,0.0,0.0,4.4372117034049,0.0,-2.7117862916307796,-2.386442876081,0.0,0.0,0.0,0.0,0.0,0.0,0.0,-4.6969516363733,0.0,0.0,4.13344031073309,-6.10628987481142,0.0,0.0,0.0,0.0,0.0,0.0,0.0,0.0,0.0,0.0,0.0,-3.16968016040229,-0.326686105346333,0.0,0.0,0.0,0.0,0.0,0.0,0.0,0.0,0.0,0.0,0.0,0.0,0.0,0.0,0.0,0.0,0.0,0.0,5.4900470815598394,0.0,0.0,0.0,-2.63622886890991,0.0,0.0,0.0,-2.6114697951151804,0.0,-4.56608234133179,4.523198367570981,0.0,D065626
0.0,0.0,-6.1933610687264595,-5.34334221063414,0.0,0.0,0.0,0.0,0.0,0.0,0.0,0.0,0.0,0.0,0.0,0.0,0.0,0.0,-2.43869217681424,0.0,0.0,0.0,4.51856977641447,0.0,0.0,0.0,0.0,0.0,0.0,0.0,0.0,4.22393875426301,0.0,0.0,0.0,0.0,0.0,0.0,0.0,0.0,-5.04579530347425,0.0,0.0,0.0,0.0,0.0,0.0,0.0,0.0,0.0,0.0,0.0,0.0,0.5437898130615789,-2.60893896222957,0.0,0.0,-2.89354934854984,-2.66705045242983,0.0,4.51881483642764,4.61946688995803,-5.011774485896151,D006262
5.72465173456607,0.0,0.0,0.0,4.67825904771471,-2.79605923011715,0.0,0.0,0.0,0.0,0.0,0.0,-2.4973338055312,0.0,4.84291664753483,0.0,0.0,0.0,0.0,-2.50882055644857,0.0,0.0,0.0,4.32550903463937,0.0,0.0,0.0,4.34540467084215,0.0,0.0,0.0,0.0,0.0,0.0,0.0,0.0,0.0,0.0,0.0,0.0,0.0,0.0,0.0,0.0,0.0,0.0,0.0,0.0,0.0,0.0,0.0,0.0,0.0,0.0,-2.4562456554843397,0.0,0.0,-5.16363749048,-3.47529340423921,0.0,4.2543422711692,6.01938474735132,-0.39788773429101,D065626
5.442417024414031,0.0,0.0,-4.2210145971913,0.0,0.0,-2.9388125688890803,0.0,0.0,0.0,0.0,0.0,0.0,0.0,0.0,0.0,0.6417008626472421,5.0901726832379,-2.75663813247764,0.0,0.0,0.0,0.0,0.0,0.0,0.0,0.0,0.0,0.0,0.0,0.0,-4.77463730353305,0.0,-2.42544078197125,0.0,0.0,0.0,0.0,0.0,0.0,0.0,0.0,0.0,0.0,0.0,0.0,0.0,0.0,0.0,0.0,0.0,0.0,0.0,0.0,0.0,-4.20098666512379,0.0,-2.60612831893097,-2.7842000405380603,0.0,0.0,4.82237592864725,4.513946659432509,D065626
6.799520988037031,-2.7284687665428797,0.0,0.0,6.07712036040311,-2.26802406544029,0.0,0.0,0.0,-4.725846530517059,0.0,0.0,-2.42773608454738,0.0,3.9283329141315,0.0,0.0,0.0,0.0,-3.1168845287527,0.0,0.0,0.0,-4.20496224580439,0.0,0.0,0.0,5.39860236512505,0.0,0.0,0.0,0.0,0.0,0.0,0.0,0.0,0.0,0.0,0.0,0.0,-2.4350522896665,0.0,0.0,0.0,0.0,0.0,0.0,0.0,0.0,0.0,0.0,0.0,0.0,-4.21763428478931,0.0,0.0,0.0,-2.45870041017883,-3.0859897683165403,0.0,0.0,5.34509107036195,-4.25859403102018,D065626
3.0720308637761597,0.0,0.0,0.0,5.32361657598563,0.0,0.0,4.80008771917566,0.0,0.0,0.0,-0.137385686513113,0.0,0.0,0.0,0.0,4.68055263387346,0.0,-2.7003180965141405,0.0,0.0,0.0,0.0,0.0,0.0,0.0,0.0,0.0,0.0,0.0,0.0,-4.67708813976018,0.0,0.0,0.0,0.0,0.0,0.0,0.0,0.0,-2.73296047718368,0.0,0.0,0.0,0.0,0.0,0.0,0.0,0.0,0.0,0.0,0.0,0.0,-4.7336264015598095,0.0,0.0,0.0,0.0,-2.69119679598332,0.0,0.0,4.66128958380969,0.0,D065626
-5.790478324898549,0.0,4.59140126135611,-5.46706765720011,0.0,0.0,-2.9417609456712204,0.443416299457349,0.0,0.0,0.0,0.0,0.0,0.0,0.0,-2.59134751839633,0.0,5.0952794216244195,0.0,0.0,0.0,0.0,0.0,0.0,0.0,0.0,-4.48834556192997,0.0,0.0,0.0,-3.28507958006584,0.0,0.0,0.0,0.0,0.0,0.0,0.0,0.0,0.0,-2.7963588619034203,0.0,0.0,0.0,0.0,0.0,0.0,0.0,0.0,0.0,5.6899247395810795,0.0,0.0,4.84343562501221,0.0,0.0,0.0,0.0,-2.46190834305183,0.0,0.0,4.26415033374347,0.0,D065626
-6.38044527189001,0.0,0.0,4.1182307330073,0.0,-2.2660257496263303,0.0,2.4246491074322596,0.0,0.0,0.0,0.0,0.0,0.0,3.9248717296121503,-1.11574325629723,0.0,0.0,0.0,0.0,0.0,0.0,0.0,0.0,0.0,0.0,-1.9325240081091397,0.0,0.0,0.0,0.0,0.0,0.0,0.0,0.0,0.0,0.0,0.0,0.0,0.0,-2.0901479113247703,0.0,0.0,0.0,0.0,3.47478776084946,0.0,0.0,0.0,3.8843271997327,0.0,0.0,0.0,3.6202423777484705,0.0,0.0,0.0,0.0,-1.57986039594517,0.0,0.0,2.73639847464291,0.0,D065626
-3.52267502031819,4.63800171051713,-4.52926664261559,0.0,0.0,0.0,-1.92361959409674,6.101452113744839,0.0,0.0,0.0,0.0,0.0,0.0,0.0,0.0,0.0,3.3318068714105804,0.0,-2.8487377340499003,0.0,0.0,0.0,0.0,0.0,0.0,0.0,4.93415849281307,0.0,0.0,0.0,0.0,0.0,0.0,0.0,0.0,0.0,0.0,0.0,0.0,-2.00174197633986,0.0,0.0,0.0,0.0,0.0,0.0,0.0,0.0,0.0,0.0,0.0,0.0,3.4671188066639798,-2.10112921194184,0.0,0.0,-2.62515923074852,-3.5220341404063498,0.0,3.63926254835043,6.10034207717597,-4.546909165614871,D065626
5.44069973951511,0.0,0.0,0.0,0.0,-2.75620066089991,0.0,0.0,0.0,0.0,0.0,0.0,-2.54137450670114,0.0,4.77387958053357,0.0,0.0,0.0,0.0,0.0,0.0,0.0,0.0,4.40178976666667,0.0,0.0,0.0,0.0,-4.13526614150082,0.0,0.0,0.0,0.0,0.0,0.0,0.0,0.0,0.0,0.0,0.0,-2.42106486077137,0.0,0.0,0.0,0.0,0.0,0.0,0.0,0.0,0.0,0.0,0.0,0.0,4.19340734727569,-2.4417909894381897,0.0,0.0,-5.3394372000838395,-3.4584103465554703,0.0,4.22930605517083,5.99014243365597,-0.177107360443976,D006262
0.0,0.0,-4.15044314126808,-0.966158711916116,-2.31968819076956,-2.27849675455725,-2.76593715446902,0.0,0.0,0.0,0.0,0.0,0.0,0.0,3.9464721437739505,0.0,0.0,4.79074368208282,0.0,0.0,4.0178178041304,0.0,0.0,0.0,0.0,0.0,0.0,0.0,0.0,0.0,0.0,0.0,0.0,0.0,0.0,4.53069981112379,0.0,0.0,0.0,0.0,-2.1718368639981898,0.0,0.0,0.0,0.0,0.0,0.0,0.0,0.0,0.0,0.0,0.0,0.0,3.76173179419592,0.0,0.0,0.0,0.0,-2.5219164608032,0.0,0.0,4.36808744255543,0.0,D065626
0.0,0.0,-0.33022456454563304,-5.383854058706441,0.0,-2.74707504107045,0.0,0.0,0.0,0.0,0.0,0.0,0.0,0.0,-4.75807354333838,0.0,-4.78859166335851,0.0,0.0,0.0,0.0,0.0,-2.9028568343847,0.0,0.0,0.0,0.0,0.0,0.0,0.0,0.0,0.0,0.0,0.0,0.0,0.0,0.0,0.0,0.0,0.0,-2.8680827812272502,0.0,0.0,0.0,0.0,0.0,0.0,-2.7248369353800697,5.02789552425285,0.0,0.0,0.0,0.0,-4.96766509739905,0.0,0.0,4.71955601441855,0.0,-2.5834107158654103,0.0,0.0,4.47459861669678,0.0,D006262
0.0,0.0,0.0,0.0,0.0,-2.6180629711218,0.0,0.0,0.0,0.0,-2.4812305683688303,0.44320976485891794,0.0,0.0,-4.534618083397691,0.0,0.0,0.0,0.0,-2.5849463482762096,0.0,0.0,0.0,0.0,-4.7670772290412495,0.0,0.0,4.47725841005402,0.0,0.0,-2.41326336792562,0.0,0.0,0.0,0.0,0.0,0.0,0.0,0.0,0.0,-3.0962775864031804,0.0,-4.2976174097078195,0.0,0.0,0.0,0.0,0.0,0.0,0.0,4.1798947652919605,0.0,0.0,-5.36291009398704,0.0,0.0,0.0,0.0,-3.3138068958543396,0.0,0.0,5.73968191009182,0.0,D065626
0.0,0.0,0.0,0.0,0.0,-2.80370846759565,0.0,0.0,0.0,0.0,0.0,0.0,0.0,0.0,4.85616551548675,0.0,0.0,0.0,0.0,0.0,0.0,4.719965230074,0.0,0.0,0.0,0.0,0.0,0.0,0.0,0.0,0.0,0.0,0.0,-2.75886153680744,0.0,0.0,0.0,0.0,0.0,0.0,-6.231637065537409,0.0,0.0,0.0,0.0,0.0,0.0,-2.4497448081477997,0.0,0.0,0.0,4.55133856096599,0.0,0.7024694211104878,-2.5435489137140603,-4.77848835279805,4.24308247329006,0.0,-3.05099403308613,0.0,4.40555595008937,5.2844766788946504,0.0,D006262
0.0,-2.43147565993633,-5.928005218795179,0.0,-2.7294399259426405,-3.08472067808508,0.0,0.0,0.0,4.21143938037678,0.0,0.0,0.0,0.0,5.3428929416016695,0.0,0.0,0.0,0.0,0.0,4.727528627939679,0.0,-2.99285137294028,0.0,0.0,0.0,0.0,0.0,0.0,0.0,0.0,0.0,0.0,0.0,0.0,0.0,0.0,0.0,0.0,0.0,-5.41305543950817,0.0,0.0,0.0,0.0,0.0,0.0,0.0,5.18377063743484,0.0,0.0,0.0,0.0,1.1324260617226798,-3.16048170936201,0.0,0.0,0.0,-2.55682225727462,0.0,5.47411489700713,4.42854605552259,0.0,D065626
0.0,4.92509624398465,-5.25935171797443,0.0,-2.71294816881661,-2.5154554557252995,2.47771640708789,0.0,0.0,0.0,0.0,0.0,0.0,0.0,4.35689665349254,0.0,0.0,4.64032488450809,-5.603820833817201,0.0,-4.69896406669133,0.0,0.0,0.0,0.0,0.0,0.0,0.0,0.0,0.0,0.0,1.53039276216038,0.0,0.0,0.0,0.0,0.0,0.0,0.0,0.0,0.0,0.0,0.0,0.0,0.0,0.0,0.0,0.0,0.0,0.0,0.0,0.0,0.0,0.0,0.0,0.0,0.0,0.0,-3.3250060533787,0.0,0.0,5.759079419925981,0.0,D065626
-2.34247352534646,0.0,0.0,3.66658351977037,0.0,0.0,-2.4414291361133102,4.05728316128505,0.0,0.0,0.0,0.0,-5.428981808232059,0.0,0.0,0.0,0.0,4.22867930682725,-2.49068941525276,0.0,0.0,0.0,0.0,-0.23270367171920803,0.0,0.0,0.0,0.0,0.0,0.0,0.0,4.3140006130918,0.0,0.0,0.0,0.0,0.0,0.0,0.0,0.0,0.0,0.0,0.0,0.0,0.0,-0.23828617850487302,0.0,0.0,0.0,-3.69121125286294,0.0,0.0,0.0,0.0,0.0,0.0,0.0,0.0,0.0,6.39336543142859,0.0,0.0,0.0,D065626
-2.47049146918965,0.0,0.0,-0.125625430001688,0.0,0.0,0.0,4.27901674430195,0.0,0.0,0.0,0.0,-2.5183589329306098,0.0,0.0,0.0,0.0,0.0,0.0,0.0,0.0,0.0,0.0,-4.3619256235307695,-5.2412930284005705,0.0,0.0,0.0,0.0,0.0,0.0,0.0,0.0,0.0,0.0,0.0,0.0,0.0,0.0,0.0,0.0,0.0,0.0,0.0,0.0,0.0,0.0,5.286386459913991,0.0,0.0,0.0,0.0,0.0,0.0,2.56954153931985,0.0,0.0,0.0,-2.8584162148928796,0.0,-4.78271562288986,4.95092211337319,0.0,D065626
-3.86130561619071,0.0,0.0,-3.07953674624641,0.0,0.0,0.0,6.68797751079335,0.0,0.0,0.0,2.83591540436809,0.0,0.0,0.0,0.0,0.0,0.0,0.0,-1.64007293592709,0.0,0.0,0.0,0.0,0.0,0.0,0.0,2.8406896531443704,0.0,0.0,0.0,0.0,0.0,0.0,0.0,0.0,0.0,0.0,0.0,0.0,-1.9544268469191202,0.0,0.0,0.0,0.0,0.0,0.0,0.0,0.0,-2.0630349085510202,0.0,0.0,0.0,3.38516659854055,-2.38637201840945,0.0,0.0,-2.10780549733304,-2.6328591160199903,3.57328127939858,4.13331758164586,4.5602457581174995,-3.65082621385382,D006262
0.0,0.0,-4.81510311276152,0.0,-2.61992324065787,0.0,-3.0242834592274397,0.0,0.0,0.0,0.0,0.0,-2.55187701655002,0.0,0.0,0.0,0.0,5.238212607872089,0.0,0.0,-4.537840164749941,-4.40057231641774,0.0,4.419980647331919,0.0,0.0,0.0,0.0,0.0,0.0,-3.09661587582607,0.0,0.0,0.0,0.0,0.0,0.0,0.0,0.0,0.0,-2.86637901768018,0.0,0.0,0.0,0.0,0.0,0.0,0.0,0.0,0.0,-5.36349602845515,0.0,0.0,4.96471409237145,0.0,0.0,0.0,-2.71425245933241,-2.83097827211802,0.0,0.0,4.90339820243196,-4.70122316413251,D006262
-2.33877646232436,0.0,-5.24471966063218,0.0,0.0,3.62183397246284,-2.86887377222962,4.05087966029199,0.0,0.0,0.0,0.0,0.0,0.0,5.42058678372404,0.0,0.0,4.969035134003481,0.0,0.0,0.0,0.0,0.0,0.0,0.0,0.0,0.0,0.0,0.0,0.0,0.0,0.0,0.0,0.0,0.0,0.0,0.0,0.0,0.0,0.0,-2.97763091717552,0.0,0.0,0.0,0.0,-4.1873134260207,0.0,0.0,0.0,0.0,0.0,0.0,0.0,5.15740803473592,0.0,0.0,0.0,0.0,-3.0691313076435898,0.0,0.0,5.31589135993901,0.0,D065626
0.0,0.0,0.0,0.0,4.5467437659722805,0.0,-2.46510774675021,0.0,0.0,0.0,0.0,0.0305267602337591,0.0,0.0,0.0,0.0,0.0,4.269691863503001,-2.3751704338433104,-3.40425672254731,0.0,0.0,0.0,0.0,0.0,0.0,0.0,5.896345605459841,0.0,0.0,0.0,4.11391586805203,0.0,0.0,0.0,0.0,0.0,0.0,0.0,0.0,-2.81292260113706,0.0,0.0,0.0,0.0,0.0,0.0,0.0,0.0,0.0,0.0,0.0,0.0,-4.872124862928191,0.0,0.0,0.0,-2.63183258374051,-2.6032031231081496,0.0,0.0,4.5088800716453,-4.55846775205383,D065626
1.9889292256956002,0.0,0.0,-4.03705628672008,0.0,-2.27346293816535,0.0,4.508989234321009,0.0,0.0,0.0,-0.243526002565453,0.0,0.0,-3.9377533180272,0.0,0.0,0.0,-3.44410527380286,0.0,0.0,-4.09196088737997,0.0,0.0,0.0,0.0,0.0,0.0,0.0,0.0,0.0,-5.96536532084247,0.0,0.0,0.0,0.0,0.0,0.0,0.0,0.0,0.0,0.0,0.0,0.0,0.0,0.0,0.0,0.0,0.0,0.0,0.0,0.0,0.0,0.0,0.0,0.0,0.0,0.0,-2.6166296233605,0.0,0.0,4.53213545225019,0.0,D065626
0.0,0.0,-4.52617311138857,0.0,-2.81399367058563,-2.56925291589709,0.0,0.0,0.0,0.0,0.0,0.0,0.0,0.0,4.450076587828259,0.0,0.0,0.0,0.0,-3.34103081524277,-4.873980009631549,0.0,0.0,0.0,0.0,0.0,0.0,-5.78683512165374,0.0,0.0,0.0,0.0,0.0,0.0,-4.12538963615164,0.0,0.0,0.0,0.0,0.0,-5.35921815311556,0.0,0.0,0.0,0.0,0.0,0.0,0.0,0.0,0.0,0.0,0.0,0.0,-0.36078074806944505,0.0,0.0,0.0,-2.94941217689157,-2.89265235428253,0.0,0.0,5.0102208462510704,-5.10853174283852,D006262
-3.02897131921826,0.0,-1.17995625407386,0.0,0.0,0.0,-2.74313356460222,5.24633221955496,0.0,0.0,0.0,0.0,0.0,0.0,0.0,0.0,0.0,-4.75124670583856,-2.55083507581604,0.0,0.0,0.0,0.0,0.0,0.0,0.0,0.0,0.0,0.0,0.0,0.0,4.418175953042191,0.0,0.0,0.0,0.0,0.0,0.0,0.0,0.0,-2.71491035848106,0.0,0.0,0.0,4.93560405231125,0.0,0.0,0.0,0.0,0.0,0.0,0.0,0.0,4.70236267888422,0.0,0.0,0.0,-2.54264782868202,-3.2790723057796,0.0,0.0,5.679519835302299,-4.4039952250319505,D006262
0.0,0.0,-4.81070710864505,-1.3611802881483603,0.0,3.7374069019954597,-2.6042796218027995,0.0,0.0,0.0,0.0,0.0,0.0,0.0,5.3121581033673,0.0,0.0,4.51074462207871,-2.8299380299685604,0.0,0.0,0.0,0.0,0.0,0.0,0.0,0.0,0.0,0.0,0.0,-2.6421234412855603,4.901596450176919,0.0,0.0,0.0,0.0,0.0,0.0,0.0,0.0,0.0,0.0,0.0,0.0,0.0,0.0,0.0,0.0,0.0,0.0,-4.57629204017531,0.0,0.0,0.0,0.0,0.0,0.0,-2.65443478104182,0.0,0.0,0.0,0.0,-4.59761590614239,D006262
0.0,-2.45609863500857,0.0,0.0,-1.93181188073406,-2.01654571688367,-2.03589610136298,0.0,0.0,-4.25408762423541,0.0,0.0,0.0,0.0,-3.49275963742791,0.0,0.0,3.52627548649208,0.0,0.0,-3.34599632809659,0.0,0.0,0.0,0.0,0.0,0.0,0.0,0.0,0.0,0.0,0.0,0.0,0.0,0.0,0.0,0.0,0.0,0.0,0.0,-4.34535660327878,0.0,0.0,0.0,0.0,0.0,0.0,0.0,0.0,0.0,0.0,0.0,0.0,-0.24768876261939604,-1.91360844142984,0.0,0.0,-3.41890689582693,-3.61769210431418,0.0,3.3144670463491703,6.26602653081293,-5.92172044991984,D006262
-2.34642405379815,0.0,-4.98255168269834,0.0,0.0,0.0,6.074497715023379,4.064125677280121,0.0,0.0,0.0,0.0,-3.0690903586024203,0.0,0.0,0.0,0.0,0.0,-2.42204837917609,0.0,0.0,0.0,0.0,5.3158204341191695,0.0,0.0,0.0,0.0,0.0,0.0,0.0,4.19511085112283,0.0,0.0,0.0,0.0,0.0,0.0,0.0,0.0,-3.24485879453925,0.0,0.0,0.0,0.0,0.0,0.0,-2.3686417858627595,0.0,0.0,0.0,0.0,0.0,5.62026029552869,-3.4245048553802904,0.0,4.10260791804498,0.0,0.0,0.0,5.93141640028497,0.0,0.0,D065626
0.0,0.0,0.0,0.0,0.0,5.15537761099341,-2.7241980297843,0.0,0.0,0.0,0.0,0.0,-2.4310410285025696,0.0,0.0,0.0,0.0,4.718449397465441,-2.76478027169397,0.0,0.0,0.0,0.0,-4.21068657665096,0.0,0.0,0.0,0.0,0.0,0.0,0.0,4.7887399023380395,0.0,0.0,0.0,0.0,0.0,0.0,0.0,0.0,-5.27612204090461,0.0,0.0,0.0,0.0,0.0,0.0,0.0,0.0,0.0,0.0,0.0,0.0,0.0257151899164545,-2.47117847621899,0.0,0.0,-3.12062237010832,-3.14284827874422,0.0,4.280206675381931,5.44357289926537,-5.40507649626363,D006262
0.0,-2.6321770382783503,0.38305164310303896,0.0,0.0,0.0,0.0,0.0,5.60633565380542,-4.55906436481428,0.0,0.0,-2.54290919955975,0.0,0.0,0.0,0.0,0.0,0.0,-2.9827604036071302,0.0,0.0,0.0,4.4044479326718,0.0,0.0,0.0,5.16629256585221,0.0,0.0,0.0,0.0,0.0,0.0,0.0,0.0,0.0,0.0,0.0,0.0,-2.68486224622679,0.0,0.0,0.0,0.0,0.0,0.0,0.0,0.0,0.0,0.0,0.0,0.0,-4.6503178217883,0.0,0.0,0.0,-3.1506187059472297,-2.8930900690106,0.0,0.0,5.01097899039931,-5.45703167397751,D065626
0.0,0.0,-4.58134213596762,0.0,0.0,-6.016712713909451,-2.7588126483357103,0.0,0.0,0.0,0.0,0.0,-2.5237829545236496,0.0,0.8926671667760671,0.0,0.0,4.7784036754810995,0.0,-3.19153043886581,0.0,0.0,0.0,-4.37132030451125,0.0,0.0,0.0,5.527892874018169,0.0,0.0,0.0,0.0,0.0,0.0,0.0,0.0,0.0,0.0,0.0,0.0,-2.9247449647223402,0.0,0.0,0.0,0.0,0.0,0.0,0.0,0.0,0.0,0.0,0.0,0.0,5.06580687808033,-2.5673888342852202,0.0,0.0,0.0,-3.1055735390460497,0.0,4.44684790376704,5.37901115626925,0.0,D065626
0.0,0.0,0.0,-6.0934285539456905,0.0,-3.96377407898911,0.0,0.0,0.0,0.0,0.0,3.15686356043001,-2.18269606668856,0.0,-0.38342818542434604,0.0,0.0,0.0,0.0,0.0,0.0,-3.06000752773025,0.0,-3.78054048498533,0.0,0.0,0.0,0.0,0.0,0.0,-1.87727183537959,0.0,0.0,0.0,0.0,0.0,0.0,3.5196202444958105,0.0,0.0,0.0,0.0,0.0,0.0,0.0,0.0,0.0,0.0,0.0,0.0,-3.25153019849554,0.0,0.0,0.0,0.0,0.0,0.0,0.0,-2.4723400614564,0.0,0.0,4.2822186000304505,0.0,D065626
-2.5075207837239,0.0,0.0,0.0,0.0,0.0,0.0,4.343153398444721,0.0,0.0,0.0,0.0,-3.0784121092996095,0.0,0.0,0.0,0.0,0.0,0.0,-3.25825720748679,0.0,0.0,0.0,5.3319661799422,5.12059359843136,0.0,0.0,5.64346702749461,0.0,4.39262592127133,0.0,0.0,-4.32442181451711,0.0,0.0,0.0,0.38967279670097404,0.0,0.0,0.0,0.0,3.59982024477713,0.0,0.0,0.0,-4.12115358743685,0.0,0.0,0.0,0.0,0.0,0.0,0.0,0.0,0.0,0.0,0.0,0.0,0.0,0.0,0.0,0.0,0.0,D006262
1.6811263478851297,0.0,0.32367756081217697,5.34498898319203,0.0,-5.72698872966725,0.0,0.5212642710736171,0.0,0.0,0.0,0.0,0.0,0.0,1.4523747900586998,0.0,0.0,0.0,0.0,0.0,0.0,0.0,0.0,0.0,0.0,0.0,0.0,0.0,0.0,0.0,0.0,0.0,0.0,0.0,0.0,0.0,0.0,0.0,0.0,0.0,0.0,0.0,0.0,0.0,0.0,0.0,0.0,0.0,0.0,0.0,0.0,0.0,0.0,0.0,0.0,0.0,0.0,0.0,-2.42998263148214,0.0,0.0,4.208853379236991,0.0,D065626
0.0,-2.7559339843934603,0.0,0.0,0.0,0.0,6.15375642526049,0.0,0.0,4.77341768327521,-2.85372799340281,0.0,0.0,0.0,0.0,0.0,0.0,0.0,0.0,0.0,0.0,0.0,0.0,0.0,0.0,0.0,0.0,0.0,-0.943528741206976,0.0,0.0,0.0,0.0,0.0,0.0,0.0,0.0,0.0,0.0,0.0,0.0,0.0,-4.94280187555525,0.0,0.0,-0.11056326137710198,0.0,0.0,0.0,0.0,0.0,0.0,0.0,0.0,-3.59209765732987,0.0,0.0,0.0,0.0,0.0,6.22169564824448,0.0,0.0,D065626
0.0,0.0,-0.697127438336608,-4.686162143457429,0.0,0.0,-3.15812876561181,0.0,0.0,0.0,0.0,0.0,0.0,0.0,0.0,-2.7071609200131204,0.0,-5.47003947888444,0.0,0.0,0.0,0.0,0.0,0.0,0.0,0.0,-4.68894025772763,0.0,0.0,0.0,-2.5859316134844903,0.0,0.0,0.0,0.0,0.0,0.0,0.0,0.0,0.0,-2.92199906840029,0.0,0.0,0.0,-4.49569813793396,0.0,0.0,0.0,0.0,0.0,4.4789649394537,0.0,0.0,5.06105084613823,0.0,0.0,0.0,-2.79928499562424,0.0,0.0,0.0,0.0,4.84850383728641,D065626
0.0,0.0,-5.16481515041378,4.39964867355093,-3.04229782858065,0.0,0.0,0.0,0.0,0.0,0.0,0.0,6.431237140450929,0.0,0.0,0.0,0.0,0.0,0.0,0.0,-5.26941441085816,0.0,0.0,0.0,0.0,0.0,0.0,0.0,0.0,0.0,0.0,0.0,0.0,0.0,0.0,0.0,0.0,0.0,0.0,0.0,-3.05921877999051,0.0,0.0,0.0,0.0,0.0,0.0,0.0,0.0,0.0,0.0,0.0,0.0,5.29872235841243,-2.66191192474312,0.0,0.0,0.0,-5.505763089714321,0.0,4.610566698928539,-0.47943343597908794,0.0,D065626
-2.6955917027365204,-2.64541500010154,0.0,-6.27987311683766,5.83332692565832,-2.4275751428605603,-2.5495566170369197,4.66890178560076,0.0,-4.5819931872807,0.0,0.0,0.0,0.0,4.20468348662577,0.0,0.0,4.41596159748137,0.0,0.0,0.0,0.0,0.0,0.0,0.0,0.0,0.0,0.0,0.0,-0.0391978493957584,0.0,0.0,0.0,0.0,0.0,0.0,0.0,0.0,0.0,0.0,0.0,0.0,0.0,0.0,0.0,0.0,0.0,0.0,0.0,0.0,0.0,0.0,0.0,0.0,0.0,0.0,0.0,-2.9316950874517502,0.0,0.0,0.0,0.0,-5.07784484376652,D065626
-3.3764038786461605,0.0,-3.7975980443904103,0.0,0.0,-5.05774776308074,0.0,5.8481030646877805,0.0,0.0,0.0,0.0,0.0,0.0,0.977249114862573,0.0,0.0,0.0,0.0,0.0,0.0,0.0,0.0,0.0,0.0,0.0,0.0,0.0,0.0,0.0,-2.9138964192166297,0.0,0.0,0.0,0.0,0.0,0.0,0.0,-3.40191142877388,0.0,0.0,0.0,0.0,0.0,0.0,0.0,0.0,-2.7615508496841197,0.0,0.0,-5.047016646076219,0.0,0.0,0.0,0.0,0.0,-4.7831463793379,-3.37518675918361,0.0,0.0,0.0,0.0,-5.845994951939759,D065626
-3.15883607375803,-2.79273995419886,-0.778189551557199,0.0,0.0,1.74778216841994,0.0,5.471264572530299,0.0,4.837167493,0.0,0.0,0.0,0.0,5.7879273707916905,0.0,0.0,0.0,0.0,0.0,0.0,0.0,0.0,0.0,0.0,0.0,0.0,0.0,0.0,0.0,0.0,0.0,0.0,-2.7588622664417897,0.0,0.0,0.0,0.0,0.0,0.0,-2.4940530437636097,0.0,0.0,0.0,0.0,0.0,0.0,0.0,0.0,0.0,0.0,0.0,0.0,4.31982658857038,0.0,-4.778489616561799,0.0,-2.27293069674629,0.0,0.0,0.0,0.0,-3.9368314488475002,D065626
-5.88121386481594,0.0,-4.795772210684,0.0,-2.62805141916227,0.0,0.0,2.3860894331414397,0.0,0.0,0.0,0.0,0.0,0.0,0.0,0.0,0.0,0.0,-2.5386394841651203,0.0,-4.55191858289255,0.0,0.0,0.0,0.0,-2.4838191839467405,0.0,0.0,0.0,0.0,0.0,4.397052568674431,0.0,0.0,0.0,0.0,0.0,0.0,0.0,0.0,-4.88559613776973,0.0,0.0,0.0,0.0,0.0,0.0,0.0,0.0,0.0,0.0,0.0,4.30210102341003,0.9179870073758809,0.0,0.0,0.0,0.0,-2.41514902899602,0.0,0.0,4.18316082607175,0.0,D065626
-3.0823787615625697,0.0,0.0,-4.4760615780323,0.0,-2.53896470487961,-2.74597333023533,5.3388366231976,0.0,0.0,0.0,0.55455032867795,0.0,0.0,-4.39761586747561,0.0,5.626035627192099,4.756165324196701,0.0,0.0,0.0,-4.487880618329769,0.0,0.0,0.0,0.0,0.0,0.0,0.0,0.0,0.0,0.0,0.0,0.0,0.0,0.0,0.0,0.0,0.0,0.0,0.0,0.0,0.0,0.0,0.0,0.0,0.0,0.0,0.0,0.0,0.0,0.0,0.0,0.0,0.0,0.0,0.0,0.0,-2.74589199417267,0.0,0.0,4.75602444600369,0.0,D065626
0.0,0.0,-5.560055391902031,4.39158263017604,0.0,0.0,-0.125054983265114,0.0,0.0,0.0,0.0,0.0,0.0,0.0,0.0,0.0,0.0,-0.0117082148487585,0.0,0.0,0.0,0.0,-2.71711378003768,0.0,0.0,0.0,0.0,0.0,0.0,0.0,0.0,0.0,0.0,-2.5782842642841097,0.0,0.0,0.0,0.0,0.0,0.0,-2.7912875391116603,0.0,0.0,0.0,0.0,0.0,0.0,0.0,4.70617911697078,0.0,0.0,0.0,0.0,4.83465183627529,0.0,-4.4657193420954195,0.0,-3.08603560469927,0.0,0.0,0.0,0.0,-5.345170461305679,D006262
0.0,-2.44403429140558,-3.87802836608005,0.0,-2.53508398490378,0.0,-2.5277206624215096,0.0,4.4483129170707,-4.23319156815507,0.0,0.0,0.0,0.0,0.0,0.0,0.0,4.37814061465572,0.0,0.0,-4.39089426330752,0.0,0.0,0.0,0.0,0.0,0.0,0.0,0.0,0.0,0.0,0.0,0.0,-2.5320037595728198,0.0,0.0,0.0,0.0,0.0,0.0,-2.69957718376706,0.0,0.0,0.0,0.0,0.0,0.0,0.0,0.0,0.0,0.0,0.0,0.0,-4.67580484123826,0.0,-4.38555915653554,0.0,-3.43755818068749,-3.28235424998375,0.0,0.0,5.6852043294115,-5.95402542292477,D006262
5.94003307321503,0.0,0.0,0.0,0.0,-2.6804150904776,-2.7041177785939596,0.0,0.0,0.0,0.0,0.0,-2.59854339441899,0.0,-4.642615122081541,0.0,0.0,4.68366938217502,-2.44525831176153,0.0,0.0,0.0,0.0,-4.5008091848061795,0.0,0.0,0.0,0.0,0.0,0.0,0.0,-4.23531163360107,0.0,0.0,0.0,0.0,0.0,0.0,0.0,4.09016678848818,-2.60166507593723,0.0,0.0,0.0,0.0,0.0,0.0,0.0,0.0,0.0,0.0,0.0,0.0,-4.50621609580083,0.0,0.0,0.0,-2.7711627651732003,-3.46741149775333,0.0,0.0,6.00573288485726,-4.79979470532305,D065626
0.0,0.0,-5.3554999457932695,4.481914099384929,1.64633837254525,-3.0978708395316406,0.0,0.0,0.0,0.0,0.0,0.0,0.0,0.0,5.365669689354849,0.0,0.0,0.0,0.0,0.0,5.879248844993549,0.0,0.0,0.0,0.0,0.0,0.0,0.0,0.0,0.0,0.0,0.0,0.0,0.0,0.0,0.0,0.0,0.0,0.0,0.0,-5.42249601718621,0.0,0.0,0.0,0.0,0.0,0.0,0.0,0.0,0.0,0.0,0.0,0.0,0.45024915593087206,-2.5211922818226804,0.0,0.0,0.0,-2.8591393981922995,0.0,4.36683312776739,4.95217470359097,0.0,D006262
0.0,0.0,0.0,0.0,0.0,-3.10330776476308,-2.8116076937897496,0.0,0.0,0.0,0.0,4.26230133146574,-3.03144493325342,2.30991320235541,-5.375086720092651,0.0,4.9357092894847,4.86984737659541,0.0,0.0,0.0,0.0,0.0,-5.25061664474216,0.0,0.0,0.0,0.0,0.0,0.0,-2.47781144888325,0.0,0.0,0.0,0.0,0.0,0.0,0.0,0.0,0.0,0.0,0.0,0.0,0.0,0.0,0.0,-4.5157209524729005,0.0,0.0,0.0,-4.29169532104165,0.0,0.0,0.0,0.0,0.0,0.0,0.0,-3.2123304925726,0.0,0.0,5.563919623838509,0.0,D006262
5.168553236980331,0.0,0.0,0.0,0.0,-2.3794433981800096,-3.00223007359196,0.0,0.0,0.0,0.0,0.0832624456492057,0.0,0.0,4.12131685938211,0.0,0.0,5.2000150234725195,-3.5035495352801402,0.0,0.0,0.0,0.0,0.0,0.0,0.0,0.0,0.0,0.0,0.0,-2.29478997632978,-6.0683258019395305,0.0,0.0,0.0,0.0,0.0,0.0,0.0,0.0,-3.08713740184903,0.0,0.0,0.0,0.0,0.0,0.0,0.0,0.0,0.0,-3.97469283170296,0.0,0.0,-5.347078829948691,0.0,0.0,0.0,0.0,-2.87207171312399,0.0,0.0,4.974574130112139,0.0,D065626
0.0,0.0,-4.85122395445566,-6.125780660417581,0.0,-2.25067387768283,0.0,0.0,0.0,0.0,0.0,4.05568332387936,-3.1303504225799306,0.0,3.89828150741471,-2.6542962376393797,0.0,0.0,0.0,0.0,0.0,0.0,0.0,5.42192597740314,0.0,0.0,4.59737594193032,0.0,0.0,0.0,0.0,0.0,0.0,0.0,0.0,4.1299831705323795,0.0,0.0,0.0,0.0,0.0,0.0,0.0,0.0,-4.0130362690125,0.0,0.0,0.0,0.0,-2.7957533789718996,0.0,0.0,0.0,0.0,0.0,0.0,0.0,0.0,0.0,4.8423868978117,0.0,0.0,0.0,D065626
-2.48419541210286,0.0,-4.93307263442943,0.0,4.95307723073921,0.0,0.0,4.30275266969166,5.48568163889538,0.0,0.0,0.0,0.0,0.0,0.0,0.0,0.0,0.0,0.0,-2.45078739404093,0.0,0.0,0.0,0.0,0.0,0.0,0.0,-4.24488828502822,0.0,0.0,0.0,0.0,0.0,0.0,0.0,0.0,0.0,0.0,0.0,0.0,-2.66142034202307,0.0,0.0,0.0,0.0,0.0,0.0,0.0,0.0,-2.48343258109015,0.0,0.0,0.0,-4.60971525268129,0.0,0.0,0.0,-2.9443172850187795,-3.13449700958844,4.3014314076200595,0.0,5.429108076779901,-5.09970713125579,D006262
-2.61937631753789,0.0,-5.42156978564181,4.86272044454308,0.0,0.0,0.0,4.5368928661183,0.0,0.0,0.0,4.77303699570078,0.0,0.0,0.0,0.0,0.0,0.0,0.0,0.0,0.0,0.0,6.339424334230451,0.0,0.0,0.0,0.0,0.0,0.0,0.0,0.0,0.0,0.0,0.0,0.0,0.0,0.0,0.0,0.0,0.0,-2.59843640417523,0.0,0.0,0.0,0.0,0.0,0.0,-2.57667658008249,0.0,0.0,0.0,0.0,0.0,4.50062387226807,-2.44814077894031,0.0,-4.4629347513757,-2.96174594721099,0.0,0.0,4.240304213205859,0.0,5.1298944596806395,D065626
-3.7713598199633998,-2.5185548328967897,0.351339757317977,0.0,-2.30137655171827,-3.05429818060098,0.0,6.53218682180042,0.0,4.36226493222538,0.0,0.0,0.0,0.0,5.29019963026608,0.0,0.0,0.0,0.0,0.0,-3.9861011149237204,0.0,0.0,0.0,0.0,0.0,0.0,0.0,0.0,0.0,0.0,0.0,4.40012744928234,0.0,0.0,0.0,0.0,0.0,0.0,0.0,-2.49895056141266,0.0,0.0,0.0,-3.8553198987118598,0.0,0.0,0.0,0.0,0.0,0.0,0.0,0.0,4.3283093379694995,0.0,0.0,0.0,0.0,0.0,0.0,0.0,0.0,0.0,D065626
-3.84428993080975,0.0,0.0,0.0,0.0,0.0,0.0,6.658505479187941,0.0,0.0,0.0,0.0,-2.55161647751764,0.0,0.0,0.0,0.0,0.0,0.0,-1.92223431066287,0.0,0.0,0.0,4.419529380490481,4.63404828416205,0.0,0.0,3.3294074901202295,0.0,4.67631318335913,0.0,0.0,0.0,0.0,0.0,0.0,0.0,0.0,0.0,0.0,0.0,-1.29646802377343,0.0,0.0,0.0,-3.2975948835131494,0.0,0.0,0.0,0.0,0.0,-2.6996029261455696,0.0,0.0,0.0,0.0,0.0,0.0,0.0,0.0,0.0,0.0,0.0,D065626
-3.83818031849234,0.0,0.0,-4.452499484617491,0.0,-1.78645514993219,0.0,6.64792332023963,0.0,0.0,0.0,0.0,0.0,0.0,3.09423108512563,0.0,0.0,0.0,-2.65489437061651,0.0,0.0,0.0,0.0,0.0,0.0,0.0,0.0,0.0,0.0,0.0,0.0,4.5984119386364,0.0,0.0,0.0,0.0,0.0,0.0,0.0,0.0,0.0,0.0,0.0,0.0,0.0,0.0,0.0,-3.9600300859364403,0.0,-1.8347451854781398,0.0,0.0,0.0,0.0,0.0,0.0,0.067654284969371,0.0,-2.5224089510295697,3.17787188019052,0.0,4.36894046064972,0.0,D006262
0.0,0.0,0.0,0.0,0.0,-2.8223982284787406,-2.8632388407207503,0.0,-4.54254183587322,0.0,0.0,0.0,-2.65571619712149,0.0,-4.8885371309175705,0.0,0.0,4.95927514633295,-2.59848936244687,-2.98135144797454,0.0,0.0,0.0,-4.59983538389802,-4.40194476029923,-2.57588120907328,0.0,5.16385218311095,0.0,0.0,0.0,4.5007155986852405,0.0,0.0,0.0,0.0,0.0,0.0,0.0,0.0,0.0,0.0,0.0,0.0,0.0,0.0,0.0,0.0,0.0,0.0,0.0,0.0,4.46155712837687,0.0,0.0,0.0,0.0,0.0,-3.22649586349284,0.0,0.0,5.58845476598042,0.0,D006262
3.1320999279621398,0.0,-4.77385413950121,0.0,0.0,0.0,0.0,-4.70876547988824,0.0,0.0,0.0,0.0,0.0,0.0,0.0,0.0,0.0,0.0,0.0,0.0,0.0,0.0,0.0,0.0,0.0,2.36816242662805,0.0,0.0,0.0,0.0,0.0,0.0,0.0,0.0,0.0,0.0,0.0,0.0,0.0,0.0,-2.56622441696324,0.0,0.0,0.0,0.0,0.0,0.0,0.0,0.0,-2.5368989089422698,0.0,0.0,4.770399665217719,4.444831073804139,0.0,0.0,0.0,0.0,-2.92234288940302,4.3940378039540695,0.0,5.06164636158366,0.0,D006262
0.0,0.0,-4.43080200397658,0.0,0.0,-2.87698797990654,-3.0365916132535804,0.0,0.0,0.0,0.0,0.0,-3.2935027439265094,0.0,-4.98308935396308,-3.2610794309065403,0.0,5.25953095599275,0.0,0.0,0.0,0.0,0.0,5.704514087348219,0.0,0.0,5.648355261847921,0.0,0.0,0.0,-2.66563460172131,0.0,0.0,0.0,0.0,-4.33716112134736,0.0,0.0,0.0,0.0,0.0,0.0,0.0,0.0,0.0,0.0,0.0,-3.0000858905391,0.0,0.0,-4.617014564594941,0.0,0.0,0.0,0.0,0.0,5.19630118948425,0.0,-2.6554568516461203,0.0,0.0,4.59938618435796,0.0,D006262
0.0,0.0,1.05212139460177,0.0,0.0,-3.38169524831433,0.0,0.0,0.0,0.0,0.0,0.0,0.0,0.0,5.857267985794669,0.0,0.0,0.0,0.0,0.0,0.0,0.0,-2.74791380494374,0.0,0.0,0.0,0.0,0.0,0.0,0.0,0.0,0.0,0.0,0.0,0.0,0.0,0.0,0.0,0.0,0.0,-0.703713808790141,0.0,0.0,0.0,0.0,0.0,0.0,0.0,4.7595263249824695,0.0,0.0,0.0,0.0,1.52553254716156,-2.7226302663092596,0.0,0.0,-2.8491531973939597,0.0,0.0,4.71573395147242,0.0,4.93487809643365,D006262
3.1474519290978504,0.0,0.0,0.0,0.0,-2.85441044771098,0.0,4.31352269818158,0.0,0.0,0.0,0.0,0.0,-2.60241395212042,-4.94398392109084,0.0,5.16828266604802,0.0,-2.7369747412097003,0.0,0.0,-4.35335036060712,0.0,0.0,0.0,-2.8878057289322205,0.0,0.0,0.0,0.0,0.0,-4.74057931080789,0.0,0.0,0.0,0.0,0.0,0.0,0.0,0.0,0.0,0.0,0.0,0.0,0.0,0.0,-4.507513187398691,0.0,0.0,0.0,0.0,0.0,5.00182624489908,0.0,0.0,0.0,0.0,0.0,-3.2098674850082403,0.0,0.0,5.559653569597599,0.0,D006262
0.0,0.0,0.0,-4.81844915872101,-3.10848115872398,0.0,5.33229721946791,0.0,0.0,0.0,0.0,-0.23906106818043998,0.0,0.0,0.0,0.0,0.0,0.0,0.0,0.0,-5.384047301280509,0.0,0.0,0.0,0.0,0.0,0.0,0.0,0.0,0.0,0.0,0.0,0.0,0.0,0.0,0.0,0.0,0.0,0.0,0.0,-2.86964265353019,0.0,0.0,0.0,0.0,0.0,0.0,0.0,0.0,0.0,0.0,0.0,0.0,4.97036687548107,-2.60656296512559,0.0,0.0,0.0,-5.1547214658454195,0.0,4.514699488724901,0.0979589766036309,0.0,D065626
0.0,0.0,0.0,0.0,0.0,-2.76161535573574,-3.1121459229405897,0.0,0.0,0.0,0.0,0.0,-5.40334710615829,0.0,-4.78325810709671,0.0,0.0,5.390394859101441,2.21015015470081,0.0,0.0,0.0,0.0,-0.13741144628715898,0.0,0.0,0.0,0.0,0.0,0.0,-2.61625006384493,-5.01405780831154,0.0,0.0,0.0,0.0,0.0,0.0,0.0,0.0,0.0,0.0,0.0,0.0,0.0,0.0,0.0,0.0,0.0,0.0,-4.53147803588475,0.0,0.0,0.0,-2.56946183235827,0.0,0.0,0.0,-3.3581247553684404,0.0,-4.450438441753549,5.81644269445295,0.0,D065626
0.0,-2.12687400925472,-0.5355742593345549,0.0,0.0,-3.34054317651181,0.0,0.0,0.0,-3.6838538453269,0.0,0.0,0.0,0.0,5.785990506595991,0.0,0.0,0.0,0.0,-2.38827182916109,0.0,0.0,0.0,0.0,0.0,0.0,0.0,4.13660815039246,0.0,0.0,0.0,0.0,0.0,0.0,0.0,0.0,0.0,0.0,0.0,0.0,-4.96818662619755,0.0,0.0,0.0,0.0,0.0,0.0,0.0,0.0,-3.00945377996683,0.0,0.0,0.0,1.07089208908809,-3.0335203336223002,0.0,0.0,0.0,0.0,5.2125268499327495,5.2542113436271105,0.0,0.0,D006262
0.0,5.20539928270427,-4.99224529520487,4.952946325869999,0.0,-2.50516826852472,0.0,0.0,0.0,0.0,0.0,4.57401586116867,0.0,0.0,-4.33907872259417,-2.7598388067002007,0.0,0.0,0.0,0.0,0.0,0.0,0.0,0.0,0.0,0.0,-4.78018103390502,0.0,0.0,0.0,0.0,0.0,0.0,0.0,0.0,0.0,0.0,0.0,0.0,0.0,-2.5173991119188903,0.0,0.0,-4.90390745964155,0.0,0.0,0.0,0.0,0.0,0.0,0.0,0.0,0.0,4.36026316477229,0.0,0.0,0.0,0.0,-2.98813344226929,0.0,0.0,5.17559894180609,0.0,D006262
-2.72541862008856,0.0,-4.79664358065391,-4.73644850018716,0.0,0.0,0.0,4.720563521887651,0.0,0.0,0.0,0.0,0.0,0.0,0.0,0.0,0.0,0.0,0.0,-2.67165741979729,0.0,0.0,0.0,0.0,0.0,-2.5484562035126,0.0,4.62744639150727,0.0,0.0,0.0,0.0,0.0,0.0,0.0,0.0,0.0,0.0,0.0,0.0,-5.233439168835821,0.0,0.0,0.0,0.0,0.0,0.0,0.0,0.0,0.0,0.0,0.0,-4.41405562534791,0.05474185474910201,0.0,0.0,0.0,-2.8704611635971005,-2.68264692231371,0.0,0.0,-4.64648076821563,4.97178457650346,D065626
0.0,5.58398236576191,-4.64062904024707,-4.63141429670849,0.0,0.0,0.0,0.0,0.0,0.0,0.0,0.0,-2.7104683353495496,-2.5333230807776803,0.0,0.0,0.0,0.0,0.0,0.0,0.0,0.0,0.0,-4.69466886913205,0.0,0.0,0.0,0.0,0.0,0.0,0.0,0.0,0.0,0.0,0.0,0.0,0.0,0.0,0.0,0.0,-2.9267569110348797,0.0,0.0,0.0,0.0,0.0,-4.38784428789386,0.0,0.0,0.0,0.0,0.0,0.0,-5.06929167131575,-2.73408464120344,0.0,0.0,-2.94064622926964,-2.58900818882269,0.0,-4.73557351075808,-4.484293724252769,5.09334867618085,D065626
0.0,6.57459043009474,-4.36616098481365,0.0,-2.4454627449196096,0.0,0.0,0.0,4.23773223789985,0.0,0.0,0.0,0.0,0.0,0.0,0.0,0.0,0.0,0.0,0.0,4.23566572221762,0.0,0.0,0.0,0.0,0.0,0.0,0.0,0.0,0.0,0.0,0.0,0.0,0.0,0.0,0.0,0.0,0.0,0.0,0.0,-3.00627803031372,0.0,0.0,0.0,0.0,0.0,0.0,-2.42393707895479,0.0,0.0,0.0,0.0,0.0,-5.20702629018146,0.0,0.0,-4.19838217509979,-2.72523406062877,-5.258991892562911,0.0,0.0,0.719450236266325,4.720243855526269,D065626
0.0,0.0,0.0,0.0,0.0,-5.01237766686651,-3.00462689638213,0.0,0.0,0.0,0.0,0.0,0.0,0.0,-0.013962699252231,0.0,0.0,5.20416644232184,-2.81235529061485,0.0,0.0,-4.77343550308958,0.0,0.0,-4.75744628794438,0.0,0.0,0.0,0.0,0.0,0.0,4.87114225228006,0.0,-2.51241377307151,0.0,0.0,0.0,0.0,0.0,0.0,0.0,0.0,0.0,0.0,0.0,0.0,0.0,0.0,0.0,-2.95251006955612,0.0,0.0,0.0,0.0,-3.07039529326253,4.35162830459568,0.0,0.0,0.0,-5.1138974503299295,-5.31808064725104,0.0,0.0,D065626
0.0,0.0,0.0,0.0,0.0,-5.4895557632741605,0.0,0.0,0.0,0.0,0.0,0.0,-2.54762710633044,0.0,-0.630526191132869,0.0,0.0,0.0,-3.20929176844161,0.0,0.0,-4.567810684531519,0.0,-4.412619586904,-4.358427416412789,0.0,0.0,0.0,0.0,0.0,0.0,5.558656399253451,0.0,0.0,0.0,0.0,0.0,0.0,0.0,0.0,0.0,0.0,0.0,0.0,0.0,0.0,0.0,0.0,0.0,0.0,0.0,0.0,0.0,0.0,-2.9212865404574297,0.0,0.0,-5.61531948728638,0.0,0.0,-5.05981671153938,0.0,-0.8171333848835659,D065626
0.0,0.0,0.0,0.0,0.0,0.0,0.0,0.0,0.0,0.0,0.0,0.0,-2.38823022958512,0.0,0.0,0.0,0.0,0.0,0.0,0.0,0.0,-5.02231823672785,-2.17669111016598,-4.13653609781331,-4.93659812093123,0.0,0.0,0.0,0.0,0.0,-2.41406214550107,0.0,0.0,2.67182761302919,0.0,0.0,0.0,0.0,0.0,0.0,0.0,0.0,0.0,0.0,0.0,0.0,0.0,0.0,3.77013959519098,-3.52193623333492,-4.18127828863658,0.0,0.0,0.0,-3.1821211345824505,4.2431228920949104,0.0,0.0,0.0,-6.1001724971538405,-5.51159548093553,0.0,0.0,D065626
0.0,0.0,0.0,0.0,0.0,-2.56460014070594,-2.7837053325406496,0.0,0.0,0.0,0.0,0.0,0.0,0.0,-4.44201774480097,0.0,0.0,4.8215190692608205,0.0,0.0,0.0,-4.9559152825089,-2.4813328160359,0.0,-5.17338358395855,0.0,0.0,0.0,0.0,0.0,0.0,0.0,0.0,-2.65025884140106,0.0,0.0,0.0,0.0,0.0,0.0,0.0,0.0,0.0,0.0,0.0,0.0,0.0,0.0,4.29779450786213,-3.07394817232172,0.0,0.0,0.0,0.0,-3.25632887513744,4.59038296651527,0.0,-2.53535654919233,0.0,-5.32423441429471,-5.64012705789165,0.0,4.39136635850361,D065626
0.0,0.0,-4.543201389588219,-5.044671830286769,0.0,0.0,0.0,0.0,0.0,0.0,0.0,0.0,-2.58464907466531,0.0,0.0,0.0,0.0,0.0,-2.5333230807776803,0.0,0.0,0.0,0.0,-4.4767435170561996,0.0,-5.68324675680485,0.0,0.0,0.0,0.0,0.0,4.38784428789386,0.0,0.0,0.0,0.0,0.0,0.0,0.0,0.0,-2.8324011679142997,0.0,0.0,0.0,0.0,0.0,0.0,0.0,0.0,0.0,0.0,0.0,-0.459451531689818,-4.905862730245,0.0,0.0,0.0,-5.455667572445621,0.0,0.0,0.0,0.0,0.49560367819275103,D065626
0.0,0.0,-0.327843353662713,-4.614348113092491,0.0,0.0,0.0,0.0,0.0,0.0,0.0,0.0,-2.5069545482334705,0.0,0.0,0.0,0.0,0.0,0.0,-2.5581462036021803,0.0,0.0,0.0,-4.34217264980626,0.0,-2.83282749748814,0.0,4.43083919782841,0.0,0.0,0.0,0.0,0.0,0.0,0.0,0.0,0.0,0.0,0.0,0.0,-2.96301881842034,0.0,0.0,0.0,0.0,0.0,0.0,0.0,0.0,0.0,0.0,0.0,-4.9066011547276505,-5.13209913728674,0.0,0.0,0.0,-2.88472539720617,-2.75190759560646,0.0,0.0,4.7664437733251,4.9964909538454005,D065626
0.0,0.0,-4.39259320539467,0.0,0.0,-2.51442902931731,-2.42388072723913,0.0,0.0,0.0,0.0,0.0,-2.40358546428402,0.0,-4.35511883080368,0.0,0.0,-4.19828457106518,0.0,0.0,0.0,0.0,0.0,-4.16313214447395,0.0,0.0,0.0,0.0,0.0,0.0,-2.44859815631599,0.0,0.0,0.0,0.0,0.0,0.0,0.0,0.0,0.0,-3.17293728003052,0.0,0.0,0.0,0.0,0.0,0.0,-2.3858101724647205,0.0,0.0,-4.24109641405877,0.0,0.0,-5.4956885782422695,0.0,0.0,-4.13234443592356,-2.7452512829540803,-3.2754262834345402,0.0,0.0,5.67320473935512,4.7549147016201205,D065626
0.0,0.0,-4.744365251158849,0.0,0.0,0.0,0.0,0.0,0.0,0.0,0.0,0.0,0.0,0.0,0.0,0.0,0.0,0.0,0.0,0.0,0.0,0.0,0.0,0.0,0.0,0.0,0.0,0.0,0.0,0.0,-2.42676618966544,0.0,0.0,-5.31724511031738,0.0,0.0,0.0,0.0,0.0,0.0,-6.2290531492813495,0.0,0.0,0.0,0.0,0.0,0.0,0.0,0.0,-2.5978101112035,4.20328233859088,0.0,0.0,1.3720970655143299,-2.57287634776422,0.81707937579888,0.0,-2.80757261654913,0.0,-4.49953910102061,-4.45635255591988,0.0,4.86285841780219,D065626
0.0,0.0,-5.4178495993553195,0.0,0.0,0.0,0.0,0.0,0.0,0.0,0.0,0.0,0.0,-2.44050877509446,0.0,0.0,0.0,0.0,0.0,0.0,0.0,0.0,0.0,0.0,0.0,0.0,0.0,0.0,0.0,0.0,0.0,0.0,0.0,-5.184894001543539,0.0,0.0,0.0,0.0,0.0,0.0,-6.172518428635301,0.0,0.0,0.0,0.0,0.0,4.22708519478129,0.0,0.0,-2.73551795635784,0.0,0.0,0.0,1.38719332367852,0.0,-0.35958024318043297,0.0,-2.74655050117746,0.0,-4.73805608542876,0.0,0.0,4.75716501359312,D065626
0.0,0.0,-5.400864839987951,0.0,0.0,-2.52647075693569,0.0,0.0,0.0,0.0,0.0,0.0,0.0,0.0,-4.37597571484961,0.0,-4.13746282288311,0.0,0.0,0.0,0.0,0.0,0.0,0.0,0.0,0.0,0.0,0.0,0.0,0.0,-2.5045185010245095,0.0,0.0,-2.4546854602416,0.0,0.0,0.0,0.0,0.0,0.0,-6.16702141313612,0.0,0.0,0.0,0.0,0.0,0.0,0.0,0.0,0.0,4.337953292270701,0.0,0.0,1.55286409915395,0.0,4.25163993373904,0.0,-2.96002312370598,0.0,0.0,0.0,0.0,5.1269104418374996,D065626
0.0,0.0,-5.0173342636924,0.0,0.0,-2.9490515019637003,0.0,0.0,0.0,0.0,0.0,0.0,-2.59409540597203,0.0,-5.107907035538441,0.0,0.0,0.0,0.0,0.0,0.0,-4.3486405543776,0.0,4.4931050428245705,0.0,0.0,0.0,0.0,0.0,0.0,-2.59986925708339,0.0,0.0,-2.84787385634391,0.0,0.0,0.0,0.0,0.0,0.0,-3.3854121292276003,0.0,0.0,0.0,0.0,0.0,0.0,0.0,0.0,0.0,4.50310564630479,0.0,0.0,5.86370581238214,-2.5746216538604902,4.93266221273477,0.0,0.0,-2.82204962241306,0.0,-4.45937551475338,4.88793332749998,0.0,D065626
0.0,0.0,-5.482345410141599,0.0,0.0,-2.75721288545287,0.0,0.0,0.0,0.0,0.0,0.0,-2.5061152383817,0.0,-4.77563280488796,0.0,0.0,0.0,-2.6219026512652794,0.0,0.0,0.0,0.0,4.34071892249969,0.0,0.0,0.0,0.0,0.0,0.0,-2.52212760079608,4.5412686044910195,0.0,-2.56173669234116,0.0,0.0,0.0,0.0,0.0,0.0,-3.2699465808886097,0.0,0.0,0.0,0.0,0.0,0.0,0.0,0.0,0.0,4.3684531477506,0.0,0.0,5.6637136161352,-2.4176980147937,4.43705810674834,0.0,0.0,-3.3102931789119907,0.0,-4.187575798981101,5.73359597382425,0.0,D065626
0.0,-2.7169132981114,-0.32411528286355795,0.0,0.0,-2.7296547291022097,0.0,0.0,-4.5745236238816505,4.70583187208848,0.0,0.0,0.0,0.0,-4.727900677925691,0.0,0.0,0.0,0.0,-3.0119264684964002,0.0,0.0,0.0,0.0,0.0,0.0,0.0,5.21680967209726,0.0,0.0,0.0,0.0,0.0,0.0,0.0,0.0,0.0,0.0,0.0,0.0,-5.73794533192989,0.0,0.0,0.0,0.0,0.0,0.0,0.0,0.0,0.0,0.0,0.0,0.0,-0.388932405915159,0.0,0.0,0.0,-2.7363167855669803,0.0,0.0,0.0,0.0,4.739439698205571,D065626
0.0,-2.7775878124057902,-4.988737578872731,-4.7628003630686795,0.0,0.0,-2.6335261706968502,0.0,0.0,4.81092321357092,0.0,0.0,0.0,0.0,0.0,0.0,0.0,4.5614011307092595,0.0,-2.8253444626974904,0.0,0.0,0.0,0.0,0.0,0.0,0.0,4.89364015827545,0.0,0.0,-2.49740302878479,0.0,0.0,0.0,0.0,0.0,0.0,0.0,0.0,0.0,-2.7865439673134302,0.0,0.0,0.0,0.0,0.0,0.0,0.0,0.0,0.0,4.32562893283165,0.0,0.0,-4.82643572891141,0.0,0.0,0.0,-3.05641578387472,-2.75356963674813,0.0,0.0,-4.76932251302673,5.2938674267264805,D065626
0.0,-2.65261773462613,-4.80350906433084,0.0,-2.6920054915004505,-2.6384436845982404,0.0,0.0,0.0,4.59446868943071,0.0,0.0,0.0,0.0,-4.56991851463338,0.0,0.0,0.0,0.0,-2.95049959444342,4.6626902855332,0.0,0.0,0.0,0.0,0.0,0.0,5.11041520528738,0.0,0.0,0.0,0.0,0.0,0.0,0.0,0.0,0.0,0.0,0.0,0.0,-5.7799692680914605,0.0,0.0,0.0,0.0,0.0,0.0,0.0,0.0,-2.7180010230672997,0.0,0.0,0.0,-0.391639701318744,0.0,0.0,0.0,-2.8449622785129907,0.0,-4.70771586697676,0.0,0.0,4.92761921200143,D065626
0.0,-2.7537093130365,-4.626505374590599,0.0,0.0,-2.82226644290236,0.0,0.0,0.0,4.769564439454809,0.0,0.0,0.0,0.0,-4.88830887160358,0.0,0.0,0.0,0.0,0.0,0.0,0.0,0.0,0.0,0.0,0.0,0.0,0.0,0.0,0.0,0.0,0.0,0.0,0.0,0.0,0.0,0.0,0.0,0.0,0.0,-5.72813212177404,0.0,0.0,0.0,0.0,0.0,0.0,0.0,0.0,-2.6376736942136203,0.0,0.0,0.0,0.243772174668159,0.0,0.0,0.0,-2.89085612793152,-5.2098734465981105,-4.56858485216588,0.0,0.0244360857046786,5.007109690949219,D065626
0.0,0.0,-4.498054447545179,0.0,-1.1341410114750101,-2.62424911109799,0.0,0.0,0.0,0.0,0.0,0.0,0.0,0.0,-4.545332792139179,0.0,0.0,0.0,0.0,0.0,-0.352232365619132,0.0,0.0,0.0,0.0,0.0,0.0,0.0,0.0,0.0,0.0,0.0,0.0,0.0,0.0,0.0,0.0,0.0,0.0,0.0,-5.864296490001499,0.0,0.0,0.0,0.0,0.0,0.0,0.0,0.0,0.0,0.0,0.0,0.0,0.108195222853168,0.0,0.0,0.0,2.4374536065444103,0.0,0.0,0.0,0.0,4.7165593368927805,D065626
0.0,-2.44187981665279,0.0,0.0,0.0,-2.8431127242083103,0.0,0.0,0.0,4.22945990841961,0.0,0.0,0.0,0.0,-4.92441568997436,0.0,0.0,0.0,0.0,-2.7860411711136495,0.0,0.0,0.0,0.0,0.0,0.0,0.0,4.82556486034754,0.0,0.0,0.0,0.0,0.0,0.0,0.0,0.0,0.0,0.0,0.0,0.0,-5.824899101888059,0.0,0.0,0.0,0.0,0.0,0.0,0.0,0.0,0.0,0.0,0.0,0.0,-0.41228987488113,0.0,0.0,0.0,-5.39464842426922,-5.69588361186103,0.0,0.0,1.53669103078009,-0.49671941176391704,D065626
0.0,-2.49266610248115,-4.733934692407289,0.0,-5.8218081953897,0.0,0.0,0.0,0.0,4.317424335802049,0.0,0.0,0.0,0.0,0.0,0.0,0.0,0.0,0.0,0.0,0.0510993336330483,0.0,0.0,0.0,0.0,0.0,0.0,0.0,0.0,0.0,0.0,0.0,0.0,0.0,0.0,0.0,0.0,0.0,0.0,0.0,-0.377560746225288,0.0,0.0,0.0,0.0,0.0,0.0,0.0,0.0,0.0,0.0,0.0,0.0,0.44441703730420595,0.0,0.0,0.0,2.97577621060625,0.0,0.0,0.0,0.0,4.9020359113356795,D065626
0.0,0.0,-4.832660004626679,0.0,-2.5715347477366803,0.0,0.0,0.0,0.0,0.0,0.0,0.0,-2.527737370548,0.0,0.0,0.0,0.0,0.0,0.0,-2.72906492556491,-4.454028836508741,-4.38235105589426,0.0,-4.3781695539797,0.0,0.0,0.0,4.726879108232599,0.0,0.0,0.0,0.0,0.0,0.0,0.0,0.0,0.0,0.0,0.0,0.0,-2.86766882494182,0.0,0.0,0.0,0.0,0.0,0.0,0.0,0.0,-2.9962287557423504,0.0,0.0,0.0,4.96694810408058,0.0,0.0,0.0,3.23746970553927,0.0,-5.189620436044629,0.0,0.0,4.879006828885941,D065626
0.0,0.0,-4.99074358349479,0.0,5.57185977113616,-2.65235451844005,0.0,0.0,0.0,0.0,0.0,0.0,0.0,0.0,-4.5940127856230495,0.0,0.0,0.0,-2.6752559608853197,0.0,0.0,0.0,0.0,0.0,0.0,0.0,0.0,0.0,0.0,0.0,0.0,4.63367924750486,0.0,0.0,0.0,0.0,0.0,0.0,0.0,0.0,-5.92818270900103,0.0,0.0,0.0,0.0,0.0,0.0,0.0,0.0,0.0,0.0,0.0,0.0,0.439056982415879,0.0,0.0,0.0,-0.29595011941530897,0.0,0.0,0.0,0.0,-0.34441981822936496,D065626
0.0,0.0,-4.84082650618814,0.0,5.89826783544467,-2.50881786410396,0.0,0.0,0.0,0.0,0.0,0.0,0.0,5.047280359916299,-4.3454000075645,0.0,0.0,0.0,-2.64430176248615,0.0,0.0,0.0,0.0,0.0,0.0,0.0,0.0,0.0,0.0,0.0,0.0,4.58006500316993,0.0,0.0,0.0,0.0,0.0,0.0,0.0,0.0,-6.06228102673253,0.0,0.0,0.0,0.0,0.0,0.0,0.0,0.0,0.0,0.0,0.0,0.0,-0.22456821773488897,0.0,0.0,0.0,-2.85483575417461,-2.53798450441384,0.0,0.0,4.39591811046729,-4.94472057349463,D065626
0.0,0.0,-5.04334705675496,0.0,0.0551088946972314,0.0,0.0,0.0,0.0,0.0,0.0,0.0,0.0,0.0,0.0,0.0,0.0,0.0,0.0,0.0,0.0317487065385579,0.0,0.0,0.0,0.0,0.0,0.0,0.0,0.0,0.0,0.0,0.0,0.0,0.0,0.0,0.0,0.0,0.0,0.0,0.0,-5.57737730998346,0.0,0.0,0.0,0.0,0.0,0.0,0.0,0.0,-2.89669734508269,0.0,0.0,0.0,0.7017997358973621,0.0,0.0,0.0,2.59148755998062,0.0,-5.01722697583309,0.0,0.0,4.52476872445496,D065626
0.0,0.0,-0.125843202332375,0.0,-2.7600585704622,0.0,0.0,0.0,0.0,0.0,0.0,0.0,0.0,0.0,0.0,-2.85345202974936,0.0,0.0,0.0,-2.7618696566898704,4.78056167590645,0.0,0.0,0.0,0.0,0.0,-4.94232389248643,4.78369856926967,0.0,0.0,0.0,0.0,0.0,0.0,0.0,0.0,0.0,0.0,0.0,0.0,-5.8148213898410095,0.0,0.0,0.0,0.0,0.0,0.0,-2.8562274505341696,0.0,0.0,0.0,0.0,0.0,0.284754041697549,0.0,0.0,-4.9471310622981,-2.82723475359448,0.0,0.0,0.0,0.0,4.896914238150121,D065626
0.0,-2.58901593147126,0.0,0.0,-2.86075876529366,-2.56252466959697,0.0,0.0,4.7481112406977495,-4.48430713491349,0.0,0.0,0.0,0.0,-4.4384229233906,0.0,0.0,0.0,0.0,-2.5941554838492205,4.954979529686621,0.0,0.0,0.0,0.0,0.0,0.0,4.49320910076027,0.0,0.0,0.0,0.0,0.0,0.0,0.0,0.0,0.0,0.0,0.0,0.0,-6.049028376454411,0.0,0.0,0.0,0.0,0.0,0.0,-2.63814174681727,0.0,0.0,0.0,0.0,0.0,-0.446352801473016,0.0,0.0,-4.5693955430560305,0.0,-3.2396202184325498,0.0,0.0,5.61118681555256,0.0,D065626
0.0,0.0,4.57586465720759,0.0,-2.86818718163222,0.0,0.0,0.0,4.9839064369819095,0.0,0.0,0.0,0.0,0.0,0.0,-2.8947740147206606,0.0,0.0,0.0,-2.7408889240729097,4.96784592420479,0.0,0.0,0.0,0.0,0.0,-5.01389566992631,4.7473588743970705,0.0,0.0,0.0,0.0,0.0,0.0,0.0,0.0,0.0,0.0,0.0,0.0,-6.006794901641951,0.0,0.0,0.0,0.0,0.0,0.0,-2.86539774018861,0.0,0.0,0.0,0.0,0.0,0.145394147860505,0.0,0.0,-4.963014469899731,-2.77301557999232,0.0,0.0,0.0,0.0,4.80300387472678,D065626
0.0,0.0,0.170880591733401,0.0,-2.71689065686868,0.0,0.0,0.0,0.0,0.0,0.0,0.0,0.0,0.0,0.0,-3.06148495307938,-4.7816419858379104,0.0,0.0,-2.7871292139451405,4.70579265630574,0.0,0.0,0.0,0.0,0.0,-5.30264748534111,4.82744940581249,0.0,0.0,0.0,0.0,0.0,0.0,0.0,0.0,0.0,0.0,0.0,0.0,-2.85232715538665,0.0,0.0,0.0,0.0,0.0,0.0,-2.9879319962284905,0.0,0.0,0.0,0.0,0.0,-4.94037555293809,0.0,0.0,-5.17525002702844,-2.61570544694169,0.0,0.0,0.0,0.0,4.53053473173767,D065626
0.0,0.0,-4.5551721541025305,4.276823566838259,0.0,-2.47674836039469,0.0,0.0,-4.0832857751396,0.0,0.0,0.0,0.0,0.0,-4.289853997766509,0.0,0.0,0.0,0.0,-3.1427713612227297,0.0,0.0,0.0,0.0,0.0,0.0,0.0,-5.443439674210171,0.0,0.0,0.0,0.0,0.0,0.0,0.0,0.0,0.0,0.0,0.0,0.0,-3.0230018056423,0.0,0.0,0.0,0.0,0.0,0.0,0.0,0.0,-2.45488369161744,0.0,0.0,0.0,-5.23599271874492,0.0,0.0,0.0,-2.83319560970937,-3.13563222291889,-4.25198328055366,0.0,5.43107432394565,4.90723874379771,D065626
0.0,0.0,-4.51833664473039,4.3107414652749805,0.0,-2.57298564826297,-2.5925072405772402,0.0,-4.864839792747639,0.0,0.0,0.0,0.0,0.0,-4.45654186993701,0.0,0.0,4.49035425966997,0.0,-2.74836997469561,0.0,0.0,0.0,0.0,0.0,0.0,0.0,-4.76031643416959,0.0,0.0,0.0,0.0,0.0,0.0,0.0,0.0,0.0,0.0,0.0,0.0,-2.92267420941231,0.0,0.0,0.0,0.0,0.0,0.0,0.0,0.0,-2.5017173133821498,0.0,0.0,0.0,-5.0622202246733305,0.0,0.0,0.0,-3.1694533743189197,0.0,-4.33310149295259,0.0,0.0,5.48965427654099,D065626
0.0,-2.42391387624918,0.0,0.0,0.0,0.0,-5.72086686608909,0.0,0.0,4.1983419868348,0.0,0.0,0.0,0.0,0.0,0.0,0.0,-1.04825336323274,0.0,0.0,0.0,0.0,0.0,0.0,0.0,0.0,0.0,0.0,0.0,0.0,0.0,0.0,0.0,-2.54572655876466,0.0,0.0,0.0,0.0,0.0,0.0,2.41047235879369,0.0,0.0,4.24554648742256,0.0,0.0,0.0,0.0,0.0,0.0,0.0,0.0,0.0,-5.01081432470577,0.0,-4.4093277419578705,0.0,-3.23628048706833,-2.57300750485159,0.0,0.0,-4.45657972665899,5.605402231146099,D065626
0.0,0.0,0.0,0.0,0.0,0.0,-5.73411829288651,0.0,0.0,0.0,0.0,0.0,-2.57544349382153,0.0,0.0,0.0,-5.30813021624296,-1.16842821074746,0.0,0.0,0.0,0.0,0.0,-4.46079898332159,0.0,0.0,0.0,0.0,0.0,0.0,0.0,0.0,0.0,0.0,0.0,0.0,0.0,0.0,0.0,0.0,2.71646032787461,0.0,0.0,0.0,0.0,0.0,0.0,0.0,0.0,0.0,0.0,0.0,0.0,-4.31609863766995,0.0,0.0,0.0,-3.05673599656784,-2.47985999637208,0.0,0.0,-4.29524350937401,5.29442205138019,D065626
0.0,5.992229034096531,-5.27395684138439,0.0,0.0,0.0,0.0,0.0,0.0,0.0,0.0,0.0,0.0,-2.46695546691812,0.0,0.0,0.0,0.0,0.0,0.0,0.0,0.0,0.0,0.0,0.0,0.0,0.0,0.0,0.0,0.0,0.0,0.0,0.0,0.0,0.0,0.0,0.0,0.0,0.0,0.0,-2.70289866089144,0.0,0.0,0.0,0.0,0.0,4.2728922087119905,-2.4661103804416604,0.0,-2.6572529108607403,0.0,0.0,0.0,-4.68155780837386,-2.48233234117916,0.0,-4.27142847599796,-2.9524909990682597,-2.70278567276138,-4.60249705017109,-4.299525736193701,-4.681362107191941,5.11386441927602,D065626
0.0,0.0,-4.51552484320578,-4.575403332228019,0.0,0.0,0.0,0.0,0.0,0.0,0.0,0.0,-2.5424470416869,-5.14945954753329,0.0,0.0,0.0,0.0,0.0,0.0,0.0,0.0,0.0,-4.4036474517549005,0.0,0.0,0.0,0.0,0.0,0.0,0.0,0.0,0.0,0.0,0.0,0.0,0.0,0.0,0.0,0.0,-2.6779708968570803,0.0,0.0,0.0,0.0,0.0,0.6149132962897629,-2.6051311261523,0.0,0.0,0.0,0.0,0.0,-4.63838165454726,0.0,0.0,-4.512219470874911,-3.1366254824545097,-2.8766873962804,0.0,0.0,-4.98256872785068,5.432794699926459,D065626
0.0,5.41195987881075,-5.20344620499909,-4.8689739112478,0.0,0.0,0.0,0.0,-4.33407357199587,0.0,0.0,0.0,0.0,-2.5202076887958498,0.0,0.0,0.0,0.0,0.0,0.0,0.0,0.0,0.0,0.0,0.0,0.0,0.0,0.0,0.0,0.0,0.0,0.0,0.0,0.0,0.0,0.0,0.0,0.0,0.0,0.0,-2.79494533687373,0.0,0.0,0.0,0.0,0.0,4.3651277626201495,-2.8946113217084197,0.0,0.0,0.0,0.0,0.0,-4.8409873278430195,0.0,0.0,-5.01361387736309,-2.9333720579688998,-2.6815603071663596,0.0,0.0,-4.64459869557214,5.080749441905009,D065626
0.0,0.0,0.0,0.0,0.0,0.0,-2.51517324681855,0.0,0.0,0.0,0.0,0.0,-2.63578524930983,0.0,0.0,-2.59604070759384,0.0,-4.3564078533277,0.0,0.0,0.0,0.0,0.0,-4.56531396964522,0.0,0.0,-4.496474404069599,0.0,0.0,0.0,0.0,0.0,0.0,0.0,0.0,0.0,0.0,0.0,0.0,0.0,-2.75971431845088,0.0,0.0,4.32075430622904,0.0,0.0,0.0,-2.53139281320078,0.0,0.0,0.0,0.0,0.0,-4.77996541393225,0.0,0.0,4.38450096637846,-3.11002449204131,-5.8658328890012,0.0,0.0,1.48222903564559,5.38672043299914,D065626
0.0,0.0,-5.994234887234731,-4.84929890557884,0.0,-2.91257919219848,0.0,0.0,0.0,0.0,0.0,0.0,0.0,0.0,5.044735141955679,0.0,0.0,0.0,0.0,-2.6688099770874705,0.0,0.0,-2.9464113658252997,0.0,0.0,0.0,0.0,4.62251447606223,0.0,0.0,-2.45445791336928,0.0,0.0,0.0,0.0,0.0,0.0,0.0,0.0,0.0,0.0,0.0,0.0,0.0,0.0,0.0,0.0,-2.7818308535152103,-5.103334185607831,-2.4875531904159303,4.25124581099509,0.0,0.0,0.0,-2.8803784939034904,0.0,-4.81827237635104,0.0,0.0,-4.30856851233045,4.98896189646956,0.0,0.0,D065626
0.0,0.0,-5.37940024361062,0.0,0.0,-3.2521767024466604,-2.71567508296601,0.0,0.0,0.0,0.0,0.0,0.0,0.0,5.632935283829429,0.0,0.0,4.70368722054596,0.0,-2.4141877681957595,0.0,0.0,-3.37714589149538,0.0,0.0,0.0,0.0,4.18149587352637,0.0,0.0,-2.38069819076207,0.0,0.0,0.0,0.0,0.0,0.0,0.0,0.0,0.0,-2.41215268222484,0.0,0.0,0.0,0.0,0.0,0.0,-2.60048917520261,-5.84938826864249,0.0,4.1234902238872095,0.0,0.0,-4.17797100122696,-2.30967363042378,0.0,-4.50417937598381,0.0,0.0,0.0,-4.00047207679606,0.0,0.0,D065626
0.0,-2.76170231405458,-5.66914963046278,0.0,0.0,-3.3288964601958706,0.0,0.0,0.0,-4.78340872332307,0.0,0.0,0.0,0.0,5.765817802195429,0.0,0.0,0.0,0.0,-2.84214701543561,0.0,0.0,-2.7555744668749798,0.0,0.0,0.0,0.0,4.92274303331473,0.0,0.0,0.0,0.0,0.0,0.0,0.0,0.0,0.0,0.0,0.0,0.0,-2.9097635612399797,0.0,0.0,0.0,0.0,0.0,0.0,-2.6167050795155897,-4.7727949806669905,0.0,0.0,0.0,0.0,-5.039858326080211,-5.31875039695232,0.0,-4.5322661461445595,0.0,0.0,0.0,0.648255504953334,0.0,0.0,D065626
0.0,-2.53120552785218,-5.42083138858452,0.0,0.0,-3.44491207945783,0.0,0.0,0.0,-4.3841765786391695,0.0,0.0,0.0,0.0,5.96676274922871,0.0,0.0,0.0,0.0,-2.6857298347291603,0.0,0.0,-2.7287390703362298,0.0,0.0,0.0,0.0,4.651820529154481,0.0,0.0,0.0,0.0,0.0,0.0,0.0,0.0,0.0,0.0,0.0,0.0,-2.73514386051582,0.0,0.0,0.0,0.0,0.0,0.0,-2.59113300434062,-4.72631471042062,0.0,0.0,0.0,0.0,-4.73740813242349,-5.51637846200191,0.0,-4.48797401268654,0.0,0.0,0.0,0.6373104418711321,0.0,0.0,D065626
0.0,0.0,0.0,0.0,-2.6564435521069503,0.0,-3.2125154610713196,0.0,-4.2327022596628305,0.0,0.0,0.0,0.0,4.85131406271267,0.0,0.0,0.0,-5.564239998676079,0.0,0.0,4.601095199687981,0.0,0.0,0.0,0.0,0.0,0.0,0.0,0.0,0.0,-2.4526993789794,0.0,0.0,0.0,0.0,0.0,0.0,0.0,0.0,0.0,-2.8968795025964904,0.0,0.0,0.0,0.0,0.0,0.0,-2.7192064850602997,0.0,-3.04763415225452,-4.24819994008495,0.0,0.0,-5.01754248190198,0.0,0.0,-4.709803788395219,-2.53819751943477,0.0,-5.27865719458693,0.0,0.0,4.3962870633063105,D065626
0.0,0.0,0.0,0.0,-2.9831325251602,0.0,-3.2424131139787202,0.0,0.0,0.0,0.0,0.0,0.0,4.827271517498019,0.0,0.0,0.0,-5.616024252538769,0.0,0.0,5.16693709928872,0.0,0.0,0.0,0.0,0.0,0.0,0.0,0.0,0.0,0.0,0.0,0.0,0.0,0.0,0.0,0.0,0.0,0.0,0.0,-2.40274495536528,0.0,0.0,4.23113638570183,0.0,0.0,0.0,-2.29198336666388,0.0,-3.2498118635886697,0.0,0.0,0.0,-4.16167634032248,0.0,0.0,-3.96983164116461,-2.47014827160957,-2.46712099444584,-5.62883926277568,0.0,-4.27317891080005,4.2784223086562205,D065626
-2.43175052478738,-2.5979670450677,0.0,0.0,0.0,0.0,-2.6796530722128,4.21191546026402,0.0,4.4998109184468404,0.0,0.0,0.0,0.0,0.0,0.0,0.0,4.6412952677306,0.0,0.0,0.0,0.0,0.0,0.0,0.0,0.0,0.0,0.0,0.0,0.0,-2.8979909824986403,0.0,0.0,0.0,0.0,0.0,0.0,0.0,0.0,0.0,0.0,0.0,0.0,0.0,0.0,0.0,0.0,-3.0022340934257503,0.0,-3.29269839899846,5.01946762156409,0.0,0.0,0.0,0.0,0.0,-5.2000219860289,-2.5869789853262497,-4.997835175663691,-5.70312092106603,0.0,0.35142208755587706,4.480779040698041,D065626
0.0,0.0,0.0,0.0,0.0,-2.38774519137225,-3.58460919780354,0.0,0.0,0.0,0.0,0.0,0.0,0.0,-4.13569598698501,0.0,0.0,-6.208725255874441,0.0,0.0,0.0,-4.08446368763254,0.0,0.0,0.0,0.0,0.0,0.0,0.0,0.0,-2.4342612638610603,0.0,0.0,0.0,0.0,0.0,0.0,0.0,0.0,0.0,0.0,0.0,0.0,0.0,0.0,0.0,0.0,-2.5659693670692203,0.0,-2.8178694856484197,-4.21626418790418,0.0,0.0,0.0,-2.46298964829569,0.0,-4.44438931442925,-2.46736245477269,-2.5170219394460602,-4.88069311824104,-4.26602320936433,-4.35960988288614,4.27359713235416,D065626
0.0,0.0,-4.47505490420234,0.0,0.0,-3.3040709313663594,-2.7877476138561406,0.0,0.0,0.0,0.0,0.0,0.0,0.0,5.72281872493796,0.0,0.0,4.82852050587773,0.0,-2.49003167592427,0.0,0.0,-3.32369304263252,0.0,0.0,0.0,0.0,4.312861375156721,0.0,0.0,0.0,0.0,0.0,0.0,0.0,0.0,0.0,0.0,0.0,0.0,-2.70102404103958,0.0,0.0,0.0,0.0,0.0,0.0,-2.85006748185944,-5.756805218602719,0.0,0.0,0.0,0.0,-4.67831087154556,-5.24821598143358,0.0,-4.936461683580441,0.0,0.0,0.0,0.485573159822952,0.0,0.0,D065626
0.0,0.0,-4.89792788285306,-4.39858326042022,0.0,0.0,0.0,0.0,0.0,0.0,0.0,0.0,-2.5381311207928596,0.0,0.0,0.0,0.0,0.0,0.0,0.0,0.0,-4.43272937326513,0.0,-4.3961720574849705,0.0,-5.421534822590309,0.0,0.0,0.0,0.0,0.0,0.0,0.0,0.0,0.0,0.0,0.0,0.0,0.0,0.0,-3.0123384382819,0.0,0.0,0.0,0.0,0.0,0.0,0.0,0.0,0.0,0.0,0.0,-0.5220329033583111,-5.21752322469694,0.0,0.0,0.0,-2.70887570807397,-2.60910325954886,0.0,0.0,4.519099407732191,4.691910357773231,D065626
