"","BalanceID","SampleValue","Index","LineWidth","n.group","Group"
"1","1161942__29466_310298",0,"1",0.00640517043437832,"D006262","1161942__29466_310298 D006262"
"2","1161942__29466_310298",0,"2",0.00640517043437832,"D015518","1161942__29466_310298 D015518"
"3","1161942__29466_310298",0,"3",0.00640517043437832,"D015518","1161942__29466_310298 D015518"
"4","1161942__29466_310298",0,"4",0.00640517043437832,"D015518","1161942__29466_310298 D015518"
"5","1161942__29466_310298",0,"5",0.00640517043437832,"D015518","1161942__29466_310298 D015518"
"6","1161942__29466_310298",0,"6",0.00640517043437832,"D006262","1161942__29466_310298 D006262"
"7","1161942__29466_310298",0,"7",0.00640517043437832,"D006262","1161942__29466_310298 D006262"
"8","1161942__29466_310298",0,"8",0.00640517043437832,"D006262","1161942__29466_310298 D006262"
"9","1161942__29466_310298",0,"9",0.00640517043437832,"D015518","1161942__29466_310298 D015518"
"10","1161942__29466_310298",-2.85049094373273,"10",0.00640517043437832,"D006262","1161942__29466_310298 D006262"
"11","1161942__29466_310298",0,"11",0.00640517043437832,"D015518","1161942__29466_310298 D015518"
"12","1161942__29466_310298",0,"12",0.00640517043437832,"D006262","1161942__29466_310298 D006262"
"13","1161942__29466_310298",0,"13",0.00640517043437832,"D006262","1161942__29466_310298 D006262"
"14","1161942__29466_310298",0,"14",0.00640517043437832,"D006262","1161942__29466_310298 D006262"
"15","1161942__29466_310298",0,"15",0.00640517043437832,"D006262","1161942__29466_310298 D006262"
"16","1161942__29466_310298",0,"16",0.00640517043437832,"D006262","1161942__29466_310298 D006262"
"17","1161942__29466_310298",2.14181808925849,"17",0.00640517043437832,"D015518","1161942__29466_310298 D015518"
"18","1161942__29466_310298",0,"18",0.00640517043437832,"D015518","1161942__29466_310298 D015518"
"19","1264__165179",0,"1",0.0233323346229268,"D006262","1264__165179 D006262"
"20","1264__165179",0,"2",0.0233323346229268,"D015518","1264__165179 D015518"
"21","1264__165179",0,"3",0.0233323346229268,"D015518","1264__165179 D015518"
"22","1264__165179",0,"4",0.0233323346229268,"D015518","1264__165179 D015518"
"23","1264__165179",0,"5",0.0233323346229268,"D015518","1264__165179 D015518"
"24","1264__165179",0,"6",0.0233323346229268,"D006262","1264__165179 D006262"
"25","1264__165179",0,"7",0.0233323346229268,"D006262","1264__165179 D006262"
"26","1264__165179",0,"8",0.0233323346229268,"D006262","1264__165179 D006262"
"27","1264__165179",0,"9",0.0233323346229268,"D015518","1264__165179 D015518"
"28","1264__165179",0,"10",0.0233323346229268,"D006262","1264__165179 D006262"
"29","1264__165179",0,"11",0.0233323346229268,"D015518","1264__165179 D015518"
"30","1264__165179",0,"12",0.0233323346229268,"D006262","1264__165179 D006262"
"31","1264__165179",0,"13",0.0233323346229268,"D006262","1264__165179 D006262"
"32","1264__165179",-5.44311943926926,"14",0.0233323346229268,"D006262","1264__165179 D006262"
"33","1264__165179",0,"15",0.0233323346229268,"D006262","1264__165179 D006262"
"34","1264__165179",0,"16",0.0233323346229268,"D006262","1264__165179 D006262"
"35","1264__165179",4.08439791002002,"17",0.0233323346229268,"D015518","1264__165179 D015518"
"36","1264__165179",0,"18",0.0233323346229268,"D015518","1264__165179 D015518"
"37","1547__470565",0,"1",0.0222986110606883,"D006262","1547__470565 D006262"
"38","1547__470565",0,"2",0.0222986110606883,"D015518","1547__470565 D015518"
"39","1547__470565",0,"3",0.0222986110606883,"D015518","1547__470565 D015518"
"40","1547__470565",4.15612865932359,"4",0.0222986110606883,"D015518","1547__470565 D015518"
"41","1547__470565",0,"5",0.0222986110606883,"D015518","1547__470565 D015518"
"42","1547__470565",0,"6",0.0222986110606883,"D006262","1547__470565 D006262"
"43","1547__470565",0,"7",0.0222986110606883,"D006262","1547__470565 D006262"
"44","1547__470565",0,"8",0.0222986110606883,"D006262","1547__470565 D006262"
"45","1547__470565",0,"9",0.0222986110606883,"D015518","1547__470565 D015518"
"46","1547__470565",0,"10",0.0222986110606883,"D006262","1547__470565 D006262"
"47","1547__470565",0,"11",0.0222986110606883,"D015518","1547__470565 D015518"
"48","1547__470565",0,"12",0.0222986110606883,"D006262","1547__470565 D006262"
"49","1547__470565",0,"13",0.0222986110606883,"D006262","1547__470565 D006262"
"50","1547__470565",0,"14",0.0222986110606883,"D006262","1547__470565 D006262"
"51","1547__470565",-5.1909728213965,"15",0.0222986110606883,"D006262","1547__470565 D006262"
"52","1547__470565",0,"16",0.0222986110606883,"D006262","1547__470565 D006262"
"53","1547__470565",0,"17",0.0222986110606883,"D015518","1547__470565 D015518"
"54","1547__470565",0,"18",0.0222986110606883,"D015518","1547__470565 D015518"
"55","1685__28117_46506",-2.54247279469424,"1",0.0359107346251063,"D006262","1685__28117_46506 D006262"
"56","1685__28117_46506",-2.59651710719458,"2",0.0359107346251063,"D015518","1685__28117_46506 D015518"
"57","1685__28117_46506",-5.56421077483749,"3",0.0359107346251063,"D015518","1685__28117_46506 D015518"
"58","1685__28117_46506",0,"4",0.0359107346251063,"D015518","1685__28117_46506 D015518"
"59","1685__28117_46506",0,"5",0.0359107346251063,"D015518","1685__28117_46506 D015518"
"60","1685__28117_46506",-2.52126433670088,"6",0.0359107346251063,"D006262","1685__28117_46506 D006262"
"61","1685__28117_46506",-2.77520143187269,"7",0.0359107346251063,"D006262","1685__28117_46506 D006262"
"62","1685__28117_46506",-2.90646343813929,"8",0.0359107346251063,"D006262","1685__28117_46506 D006262"
"63","1685__28117_46506",0,"9",0.0359107346251063,"D015518","1685__28117_46506 D015518"
"64","1685__28117_46506",0,"10",0.0359107346251063,"D006262","1685__28117_46506 D006262"
"65","1685__28117_46506",2.15516440957575,"11",0.0359107346251063,"D015518","1685__28117_46506 D015518"
"66","1685__28117_46506",-2.26969124510985,"12",0.0359107346251063,"D006262","1685__28117_46506 D006262"
"67","1685__28117_46506",0,"13",0.0359107346251063,"D006262","1685__28117_46506 D006262"
"68","1685__28117_46506",-2.50391090686598,"14",0.0359107346251063,"D006262","1685__28117_46506 D006262"
"69","1685__28117_46506",-2.73742559119279,"15",0.0359107346251063,"D006262","1685__28117_46506 D006262"
"70","1685__28117_46506",-2.5251359025002,"16",0.0359107346251063,"D006262","1685__28117_46506 D006262"
"71","1685__28117_46506",0,"17",0.0359107346251063,"D015518","1685__28117_46506 D015518"
"72","1685__28117_46506",-5.78304246675234,"18",0.0359107346251063,"D015518","1685__28117_46506 D015518"
"73","187327__239935",-4.50471857451734,"1",0.0571732019272022,"D006262","187327__239935 D006262"
"74","187327__239935",0.231655497282529,"2",0.0571732019272022,"D015518","187327__239935 D015518"
"75","187327__239935",0,"3",0.0571732019272022,"D015518","187327__239935 D015518"
"76","187327__239935",0,"4",0.0571732019272022,"D015518","187327__239935 D015518"
"77","187327__239935",0,"5",0.0571732019272022,"D015518","187327__239935 D015518"
"78","187327__239935",0,"6",0.0571732019272022,"D006262","187327__239935 D006262"
"79","187327__239935",-5.04528404388862,"7",0.0571732019272022,"D006262","187327__239935 D006262"
"80","187327__239935",0,"8",0.0571732019272022,"D006262","187327__239935 D006262"
"81","187327__239935",0,"9",0.0571732019272022,"D015518","187327__239935 D015518"
"82","187327__239935",-5.12943443330696,"10",0.0571732019272022,"D006262","187327__239935 D006262"
"83","187327__239935",-0.730881726147433,"11",0.0571732019272022,"D015518","187327__239935 D015518"
"84","187327__239935",-4.05677556452372,"12",0.0571732019272022,"D006262","187327__239935 D006262"
"85","187327__239935",5.24014169788157,"13",0.0571732019272022,"D006262","187327__239935 D006262"
"86","187327__239935",-3.9958719425002,"14",0.0571732019272022,"D006262","187327__239935 D006262"
"87","187327__239935",0,"15",0.0571732019272022,"D006262","187327__239935 D006262"
"88","187327__239935",-0.753895384062606,"16",0.0571732019272022,"D006262","187327__239935 D006262"
"89","187327__239935",0,"17",0.0571732019272022,"D015518","187327__239935 D015518"
"90","187327__239935",-0.184179740726649,"18",0.0571732019272022,"D015518","187327__239935 D015518"
"91","216816__357276",-4.92062772531606,"1",0.0407124857006157,"D006262","216816__357276 D006262"
"92","216816__357276",0,"2",0.0407124857006157,"D015518","216816__357276 D015518"
"93","216816__357276",0,"3",0.0407124857006157,"D015518","216816__357276 D015518"
"94","216816__357276",0,"4",0.0407124857006157,"D015518","216816__357276 D015518"
"95","216816__357276",0,"5",0.0407124857006157,"D015518","216816__357276 D015518"
"96","216816__357276",-4.75007183211849,"6",0.0407124857006157,"D006262","216816__357276 D006262"
"97","216816__357276",0,"7",0.0407124857006157,"D006262","216816__357276 D006262"
"98","216816__357276",0,"8",0.0407124857006157,"D006262","216816__357276 D006262"
"99","216816__357276",0,"9",0.0407124857006157,"D015518","216816__357276 D015518"
"100","216816__357276",-4.41772776306215,"10",0.0407124857006157,"D006262","216816__357276 D006262"
"101","216816__357276",-1.02681845186357,"11",0.0407124857006157,"D015518","216816__357276 D015518"
"102","216816__357276",-4.46281784765135,"12",0.0407124857006157,"D006262","216816__357276 D006262"
"103","216816__357276",0,"13",0.0407124857006157,"D006262","216816__357276 D006262"
"104","216816__357276",0,"14",0.0407124857006157,"D006262","216816__357276 D006262"
"105","216816__357276",-4.82500225953539,"15",0.0407124857006157,"D006262","216816__357276 D006262"
"106","216816__357276",-3.76223596749404,"16",0.0407124857006157,"D006262","216816__357276 D006262"
"107","216816__357276",0,"17",0.0407124857006157,"D015518","216816__357276 D015518"
"108","216816__357276",0,"18",0.0407124857006157,"D015518","216816__357276 D015518"
"109","218538__301302",0,"1",0.0341427651401943,"D006262","218538__301302 D006262"
"110","218538__301302",0,"2",0.0341427651401943,"D015518","218538__301302 D015518"
"111","218538__301302",0,"3",0.0341427651401943,"D015518","218538__301302 D015518"
"112","218538__301302",0,"4",0.0341427651401943,"D015518","218538__301302 D015518"
"113","218538__301302",0,"5",0.0341427651401943,"D015518","218538__301302 D015518"
"114","218538__301302",0.978856385713172,"6",0.0341427651401943,"D006262","218538__301302 D006262"
"115","218538__301302",0,"7",0.0341427651401943,"D006262","218538__301302 D006262"
"116","218538__301302",4.17274724821468,"8",0.0341427651401943,"D006262","218538__301302 D006262"
"117","218538__301302",-0.170966118481039,"9",0.0341427651401943,"D015518","218538__301302 D015518"
"118","218538__301302",0,"10",0.0341427651401943,"D006262","218538__301302 D006262"
"119","218538__301302",0,"11",0.0341427651401943,"D015518","218538__301302 D015518"
"120","218538__301302",0,"12",0.0341427651401943,"D006262","218538__301302 D006262"
"121","218538__301302",5.21907512589375,"13",0.0341427651401943,"D006262","218538__301302 D006262"
"122","218538__301302",0,"14",0.0341427651401943,"D006262","218538__301302 D006262"
"123","218538__301302",4.71632937510555,"15",0.0341427651401943,"D006262","218538__301302 D006262"
"124","218538__301302",0,"16",0.0341427651401943,"D006262","218538__301302 D006262"
"125","218538__301302",0,"17",0.0341427651401943,"D015518","218538__301302 D015518"
"126","218538__301302",4.56201883846284,"18",0.0341427651401943,"D015518","218538__301302 D015518"
"127","28117__46506",4.40369205727206,"1",0.0697993201668036,"D006262","28117__46506 D006262"
"128","28117__46506",4.49729955238278,"2",0.0697993201668036,"D015518","28117__46506 D015518"
"129","28117__46506",0.481135136189787,"3",0.0697993201668036,"D015518","28117__46506 D015518"
"130","28117__46506",0,"4",0.0697993201668036,"D015518","28117__46506 D015518"
"131","28117__46506",0,"5",0.0697993201668036,"D015518","28117__46506 D015518"
"132","28117__46506",4.36695793047737,"6",0.0697993201668036,"D006262","28117__46506 D006262"
"133","28117__46506",4.80678988124139,"7",0.0697993201668036,"D006262","28117__46506 D006262"
"134","28117__46506",5.03414234519857,"8",0.0697993201668036,"D006262","28117__46506 D006262"
"135","28117__46506",0,"9",0.0697993201668036,"D015518","28117__46506 D015518"
"136","28117__46506",0,"10",0.0697993201668036,"D006262","28117__46506 D006262"
"137","28117__46506",-4.87625851970482,"11",0.0697993201668036,"D015518","28117__46506 D015518"
"138","28117__46506",3.93122055402453,"12",0.0697993201668036,"D006262","28117__46506 D006262"
"139","28117__46506",0,"13",0.0697993201668036,"D006262","28117__46506 D006262"
"140","28117__46506",4.33690090831773,"14",0.0697993201668036,"D006262","28117__46506 D006262"
"141","28117__46506",4.74136020588519,"15",0.0697993201668036,"D006262","28117__46506 D006262"
"142","28117__46506",4.37366367914664,"16",0.0697993201668036,"D006262","28117__46506 D006262"
"143","28117__46506",0,"17",0.0697993201668036,"D015518","28117__46506 D015518"
"144","28117__46506",-0.761185779045978,"18",0.0697993201668036,"D015518","28117__46506 D015518"
"145","28137__158847",0,"1",0.0205478388462092,"D006262","28137__158847 D006262"
"146","28137__158847",0,"2",0.0205478388462092,"D015518","28137__158847 D015518"
"147","28137__158847",0,"3",0.0205478388462092,"D015518","28137__158847 D015518"
"148","28137__158847",0,"4",0.0205478388462092,"D015518","28137__158847 D015518"
"149","28137__158847",0,"5",0.0205478388462092,"D015518","28137__158847 D015518"
"150","28137__158847",0,"6",0.0205478388462092,"D006262","28137__158847 D006262"
"151","28137__158847",0,"7",0.0205478388462092,"D006262","28137__158847 D006262"
"152","28137__158847",0,"8",0.0205478388462092,"D006262","28137__158847 D006262"
"153","28137__158847",0,"9",0.0205478388462092,"D015518","28137__158847 D015518"
"154","28137__158847",0,"10",0.0205478388462092,"D006262","28137__158847 D006262"
"155","28137__158847",0,"11",0.0205478388462092,"D015518","28137__158847 D015518"
"156","28137__158847",0,"12",0.0205478388462092,"D006262","28137__158847 D006262"
"157","28137__158847",0,"13",0.0205478388462092,"D006262","28137__158847 D006262"
"158","28137__158847",0,"14",0.0205478388462092,"D006262","28137__158847 D006262"
"159","28137__158847",4.64994608432825,"15",0.0205478388462092,"D006262","28137__158847 D006262"
"160","28137__158847",0,"16",0.0205478388462092,"D006262","28137__158847 D006262"
"161","28137__158847",-4.36752991271149,"17",0.0205478388462092,"D015518","28137__158847 D015518"
"162","28137__158847",0,"18",0.0205478388462092,"D015518","28137__158847 D015518"
"163","29466__310298",0,"1",0.0218286581287412,"D006262","29466__310298 D006262"
"164","29466__310298",0,"2",0.0218286581287412,"D015518","29466__310298 D015518"
"165","29466__310298",0,"3",0.0218286581287412,"D015518","29466__310298 D015518"
"166","29466__310298",0,"4",0.0218286581287412,"D015518","29466__310298 D015518"
"167","29466__310298",0,"5",0.0218286581287412,"D015518","29466__310298 D015518"
"168","29466__310298",0,"6",0.0218286581287412,"D006262","29466__310298 D006262"
"169","29466__310298",0,"7",0.0218286581287412,"D006262","29466__310298 D006262"
"170","29466__310298",0,"8",0.0218286581287412,"D006262","29466__310298 D006262"
"171","29466__310298",0,"9",0.0218286581287412,"D015518","29466__310298 D015518"
"172","29466__310298",-4.93719514106005,"10",0.0218286581287412,"D006262","29466__310298 D006262"
"173","29466__310298",0,"11",0.0218286581287412,"D015518","29466__310298 D015518"
"174","29466__310298",0,"12",0.0218286581287412,"D006262","29466__310298 D006262"
"175","29466__310298",0,"13",0.0218286581287412,"D006262","29466__310298 D006262"
"176","29466__310298",0,"14",0.0218286581287412,"D006262","29466__310298 D006262"
"177","29466__310298",0,"15",0.0218286581287412,"D006262","29466__310298 D006262"
"178","29466__310298",0,"16",0.0218286581287412,"D006262","29466__310298 D006262"
"179","29466__310298",4.34431221687299,"17",0.0218286581287412,"D015518","29466__310298 D015518"
"180","29466__310298",0,"18",0.0218286581287412,"D015518","29466__310298 D015518"
"181","308994__216816_357276",-2.84092574179316,"1",0.0304158247588816,"D006262","308994__216816_357276 D006262"
"182","308994__216816_357276",0,"2",0.0304158247588816,"D015518","308994__216816_357276 D015518"
"183","308994__216816_357276",0,"3",0.0304158247588816,"D015518","308994__216816_357276 D015518"
"184","308994__216816_357276",0,"4",0.0304158247588816,"D015518","308994__216816_357276 D015518"
"185","308994__216816_357276",0,"5",0.0304158247588816,"D015518","308994__216816_357276 D015518"
"186","308994__216816_357276",-2.74245525094367,"6",0.0304158247588816,"D006262","308994__216816_357276 D006262"
"187","308994__216816_357276",0,"7",0.0304158247588816,"D006262","308994__216816_357276 D006262"
"188","308994__216816_357276",0,"8",0.0304158247588816,"D006262","308994__216816_357276 D006262"
"189","308994__216816_357276",0,"9",0.0304158247588816,"D015518","308994__216816_357276 D015518"
"190","308994__216816_357276",2.56794214895767,"10",0.0304158247588816,"D006262","308994__216816_357276 D006262"
"191","308994__216816_357276",-5.81459158860522,"11",0.0304158247588816,"D015518","308994__216816_357276 D015518"
"192","308994__216816_357276",-2.57660908568577,"12",0.0304158247588816,"D006262","308994__216816_357276 D006262"
"193","308994__216816_357276",0,"13",0.0304158247588816,"D006262","308994__216816_357276 D006262"
"194","308994__216816_357276",0,"14",0.0304158247588816,"D006262","308994__216816_357276 D006262"
"195","308994__216816_357276",-2.78571635338331,"15",0.0304158247588816,"D006262","308994__216816_357276 D006262"
"196","308994__216816_357276",-2.17212794858757,"16",0.0304158247588816,"D006262","308994__216816_357276 D006262"
"197","308994__216816_357276",0,"17",0.0304158247588816,"D015518","308994__216816_357276 D015518"
"198","308994__216816_357276",0,"18",0.0304158247588816,"D015518","308994__216816_357276 D015518"
"199","33038__351091_1297750",-4.92199437549391,"1",0.0302407034741578,"D006262","33038__351091_1297750 D006262"
"200","33038__351091_1297750",-2.48592367547676,"2",0.0302407034741578,"D015518","33038__351091_1297750 D015518"
"201","33038__351091_1297750",-2.86619788294445,"3",0.0302407034741578,"D015518","33038__351091_1297750 D015518"
"202","33038__351091_1297750",1.42840510006972,"4",0.0302407034741578,"D015518","33038__351091_1297750 D015518"
"203","33038__351091_1297750",-2.17139022804326,"5",0.0302407034741578,"D015518","33038__351091_1297750 D015518"
"204","33038__351091_1297750",0,"6",0.0302407034741578,"D006262","33038__351091_1297750 D006262"
"205","33038__351091_1297750",-2.51081995549556,"7",0.0302407034741578,"D006262","33038__351091_1297750 D006262"
"206","33038__351091_1297750",-4.9382667448806,"8",0.0302407034741578,"D006262","33038__351091_1297750 D006262"
"207","33038__351091_1297750",-2.87625562692016,"9",0.0302407034741578,"D015518","33038__351091_1297750 D015518"
"208","33038__351091_1297750",0,"10",0.0302407034741578,"D006262","33038__351091_1297750 D006262"
"209","33038__351091_1297750",0,"11",0.0302407034741578,"D015518","33038__351091_1297750 D015518"
"210","33038__351091_1297750",0,"12",0.0302407034741578,"D006262","33038__351091_1297750 D006262"
"211","33038__351091_1297750",0,"13",0.0302407034741578,"D006262","33038__351091_1297750 D006262"
"212","33038__351091_1297750",0,"14",0.0302407034741578,"D006262","33038__351091_1297750 D006262"
"213","33038__351091_1297750",0,"15",0.0302407034741578,"D006262","33038__351091_1297750 D006262"
"214","33038__351091_1297750",0,"16",0.0302407034741578,"D006262","33038__351091_1297750 D006262"
"215","33038__351091_1297750",-2.83048930270399,"17",0.0302407034741578,"D015518","33038__351091_1297750 D015518"
"216","33038__351091_1297750",0,"18",0.0302407034741578,"D015518","33038__351091_1297750 D015518"
"217","33959__47678",0,"1",0.022125867440459,"D006262","33959__47678 D006262"
"218","33959__47678",0,"2",0.022125867440459,"D015518","33959__47678 D015518"
"219","33959__47678",0,"3",0.022125867440459,"D015518","33959__47678 D015518"
"220","33959__47678",0,"4",0.022125867440459,"D015518","33959__47678 D015518"
"221","33959__47678",0,"5",0.022125867440459,"D015518","33959__47678 D015518"
"222","33959__47678",0,"6",0.022125867440459,"D006262","33959__47678 D006262"
"223","33959__47678",0,"7",0.022125867440459,"D006262","33959__47678 D006262"
"224","33959__47678",0,"8",0.022125867440459,"D006262","33959__47678 D006262"
"225","33959__47678",0,"9",0.022125867440459,"D015518","33959__47678 D015518"
"226","33959__47678",0,"10",0.022125867440459,"D006262","33959__47678 D006262"
"227","33959__47678",4.32423331221013,"11",0.022125867440459,"D015518","33959__47678 D015518"
"228","33959__47678",0,"12",0.022125867440459,"D006262","33959__47678 D006262"
"229","33959__47678",-5.01452764614932,"13",0.022125867440459,"D006262","33959__47678 D006262"
"230","33959__47678",0,"14",0.022125867440459,"D006262","33959__47678 D006262"
"231","33959__47678",0,"15",0.022125867440459,"D006262","33959__47678 D006262"
"232","33959__47678",0,"16",0.022125867440459,"D006262","33959__47678 D006262"
"233","33959__47678",0,"17",0.022125867440459,"D015518","33959__47678 D015518"
"234","33959__47678",0,"18",0.022125867440459,"D015518","33959__47678 D015518"
"235","351091__1297750",-0.0313662977108864,"1",0.0465631558418021,"D006262","351091__1297750 D006262"
"236","351091__1297750",-4.30574610966412,"2",0.0465631558418021,"D015518","351091__1297750 D015518"
"237","351091__1297750",-4.96440035780614,"3",0.0465631558418021,"D015518","351091__1297750 D015518"
"238","351091__1297750",-5.06439630541286,"4",0.0465631558418021,"D015518","351091__1297750 D015518"
"239","351091__1297750",-3.76095819802949,"5",0.0465631558418021,"D015518","351091__1297750 D015518"
"240","351091__1297750",0,"6",0.0465631558418021,"D006262","351091__1297750 D006262"
"241","351091__1297750",-4.34886773157614,"7",0.0465631558418021,"D006262","351091__1297750 D006262"
"242","351091__1297750",-0.10137546665671,"8",0.0465631558418021,"D006262","351091__1297750 D006262"
"243","351091__1297750",-4.98182088138159,"9",0.0465631558418021,"D015518","351091__1297750 D015518"
"244","351091__1297750",0,"10",0.0465631558418021,"D006262","351091__1297750 D006262"
"245","351091__1297750",0,"11",0.0465631558418021,"D015518","351091__1297750 D015518"
"246","351091__1297750",0,"12",0.0465631558418021,"D006262","351091__1297750 D006262"
"247","351091__1297750",0,"13",0.0465631558418021,"D006262","351091__1297750 D006262"
"248","351091__1297750",0,"14",0.0465631558418021,"D006262","351091__1297750 D006262"
"249","351091__1297750",0,"15",0.0465631558418021,"D006262","351091__1297750 D006262"
"250","351091__1297750",0,"16",0.0465631558418021,"D006262","351091__1297750 D006262"
"251","351091__1297750",-4.90255128256352,"17",0.0465631558418021,"D015518","351091__1297750 D015518"
"252","351091__1297750",0,"18",0.0465631558418021,"D015518","351091__1297750 D015518"
"253","358743__823_397865",0,"1",0.01333006707037,"D006262","358743__823_397865 D006262"
"254","358743__823_397865",0,"2",0.01333006707037,"D015518","358743__823_397865 D015518"
"255","358743__823_397865",0,"3",0.01333006707037,"D015518","358743__823_397865 D015518"
"256","358743__823_397865",-2.65323954146224,"4",0.01333006707037,"D015518","358743__823_397865 D015518"
"257","358743__823_397865",-2.11393588563863,"5",0.01333006707037,"D015518","358743__823_397865 D015518"
"258","358743__823_397865",0,"6",0.01333006707037,"D006262","358743__823_397865 D006262"
"259","358743__823_397865",-2.51252443209934,"7",0.01333006707037,"D006262","358743__823_397865 D006262"
"260","358743__823_397865",-3.05912498163348,"8",0.01333006707037,"D006262","358743__823_397865 D006262"
"261","358743__823_397865",0,"9",0.01333006707037,"D015518","358743__823_397865 D015518"
"262","358743__823_397865",0,"10",0.01333006707037,"D006262","358743__823_397865 D006262"
"263","358743__823_397865",0,"11",0.01333006707037,"D015518","358743__823_397865 D015518"
"264","358743__823_397865",0,"12",0.01333006707037,"D006262","358743__823_397865 D006262"
"265","358743__823_397865",1.80659497629527,"13",0.01333006707037,"D006262","358743__823_397865 D006262"
"266","358743__823_397865",0,"14",0.01333006707037,"D006262","358743__823_397865 D006262"
"267","358743__823_397865",0,"15",0.01333006707037,"D006262","358743__823_397865 D006262"
"268","358743__823_397865",0,"16",0.01333006707037,"D006262","358743__823_397865 D006262"
"269","358743__823_397865",0,"17",0.01333006707037,"D015518","358743__823_397865 D015518"
"270","358743__823_397865",0,"18",0.01333006707037,"D015518","358743__823_397865 D015518"
"271","371601__40518_328813",0,"1",0.0613127508216995,"D006262","371601__40518_328813 D006262"
"272","371601__40518_328813",5.48781755479103,"2",0.0613127508216995,"D015518","371601__40518_328813 D015518"
"273","371601__40518_328813",-4.89330244467346,"3",0.0613127508216995,"D015518","371601__40518_328813 D015518"
"274","371601__40518_328813",3.86368368222688,"4",0.0613127508216995,"D015518","371601__40518_328813 D015518"
"275","371601__40518_328813",0,"5",0.0613127508216995,"D015518","371601__40518_328813 D015518"
"276","371601__40518_328813",5.3355723698892,"6",0.0613127508216995,"D006262","371601__40518_328813 D006262"
"277","371601__40518_328813",-0.461765932166586,"7",0.0613127508216995,"D006262","371601__40518_328813 D006262"
"278","371601__40518_328813",0,"8",0.0613127508216995,"D006262","371601__40518_328813 D006262"
"279","371601__40518_328813",0,"9",0.0613127508216995,"D015518","371601__40518_328813 D015518"
"280","371601__40518_328813",0,"10",0.0613127508216995,"D006262","371601__40518_328813 D006262"
"281","371601__40518_328813",0,"11",0.0613127508216995,"D015518","371601__40518_328813 D015518"
"282","371601__40518_328813",-2.51389620411498,"12",0.0613127508216995,"D006262","371601__40518_328813 D006262"
"283","371601__40518_328813",0,"13",0.0613127508216995,"D006262","371601__40518_328813 D006262"
"284","371601__40518_328813",0,"14",0.0613127508216995,"D006262","371601__40518_328813 D006262"
"285","371601__40518_328813",0,"15",0.0613127508216995,"D006262","371601__40518_328813 D006262"
"286","371601__40518_328813",-2.61065860691532,"16",0.0613127508216995,"D006262","371601__40518_328813 D006262"
"287","371601__40518_328813",-3.26610810744387,"17",0.0613127508216995,"D015518","371601__40518_328813 D015518"
"288","371601__40518_328813",0,"18",0.0613127508216995,"D015518","371601__40518_328813 D015518"
"289","39490__818_204516",0,"1",0.0261890006969098,"D006262","39490__818_204516 D006262"
"290","39490__818_204516",0,"2",0.0261890006969098,"D015518","39490__818_204516 D015518"
"291","39490__818_204516",0,"3",0.0261890006969098,"D015518","39490__818_204516 D015518"
"292","39490__818_204516",0,"4",0.0261890006969098,"D015518","39490__818_204516 D015518"
"293","39490__818_204516",1.94505719852945,"5",0.0261890006969098,"D015518","39490__818_204516 D015518"
"294","39490__818_204516",-2.29051845525298,"6",0.0261890006969098,"D006262","39490__818_204516 D006262"
"295","39490__818_204516",0,"7",0.0261890006969098,"D006262","39490__818_204516 D006262"
"296","39490__818_204516",-2.54258435216778,"8",0.0261890006969098,"D006262","39490__818_204516 D006262"
"297","39490__818_204516",-2.9109280577488,"9",0.0261890006969098,"D015518","39490__818_204516 D015518"
"298","39490__818_204516",-2.59039977018486,"10",0.0261890006969098,"D006262","39490__818_204516 D006262"
"299","39490__818_204516",0,"11",0.0261890006969098,"D015518","39490__818_204516 D015518"
"300","39490__818_204516",-2.64427675040315,"12",0.0261890006969098,"D006262","39490__818_204516 D006262"
"301","39490__818_204516",0,"13",0.0261890006969098,"D006262","39490__818_204516 D006262"
"302","39490__818_204516",-2.5014181052851,"14",0.0261890006969098,"D006262","39490__818_204516 D006262"
"303","39490__818_204516",0,"15",0.0261890006969098,"D006262","39490__818_204516 D006262"
"304","39490__818_204516",0,"16",0.0261890006969098,"D006262","39490__818_204516 D006262"
"305","39490__818_204516",0,"17",0.0261890006969098,"D015518","39490__818_204516 D015518"
"306","39490__818_204516",-5.24751278712291,"18",0.0261890006969098,"D015518","39490__818_204516 D015518"
"307","39777__84026",0,"1",0.0202680842038915,"D006262","39777__84026 D006262"
"308","39777__84026",0,"2",0.0202680842038915,"D015518","39777__84026 D015518"
"309","39777__84026",0,"3",0.0202680842038915,"D015518","39777__84026 D015518"
"310","39777__84026",0,"4",0.0202680842038915,"D015518","39777__84026 D015518"
"311","39777__84026",0,"5",0.0202680842038915,"D015518","39777__84026 D015518"
"312","39777__84026",0,"6",0.0202680842038915,"D006262","39777__84026 D006262"
"313","39777__84026",0,"7",0.0202680842038915,"D006262","39777__84026 D006262"
"314","39777__84026",0,"8",0.0202680842038915,"D006262","39777__84026 D006262"
"315","39777__84026",0,"9",0.0202680842038915,"D015518","39777__84026 D015518"
"316","39777__84026",0,"10",0.0202680842038915,"D006262","39777__84026 D006262"
"317","39777__84026",0,"11",0.0202680842038915,"D015518","39777__84026 D015518"
"318","39777__84026",0,"12",0.0202680842038915,"D006262","39777__84026 D006262"
"319","39777__84026",0,"13",0.0202680842038915,"D006262","39777__84026 D006262"
"320","39777__84026",0,"14",0.0202680842038915,"D006262","39777__84026 D006262"
"321","39777__84026",0,"15",0.0202680842038915,"D006262","39777__84026 D006262"
"322","39777__84026",-4.346771696874,"16",0.0202680842038915,"D006262","39777__84026 D006262"
"323","39777__84026",4.60958488490094,"17",0.0202680842038915,"D015518","39777__84026 D015518"
"324","39777__84026",0,"18",0.0202680842038915,"D015518","39777__84026 D015518"
"325","39778__1465754",0,"1",0.0226009498378452,"D006262","39778__1465754 D006262"
"326","39778__1465754",0,"2",0.0226009498378452,"D015518","39778__1465754 D015518"
"327","39778__1465754",0,"3",0.0226009498378452,"D015518","39778__1465754 D015518"
"328","39778__1465754",0,"4",0.0226009498378452,"D015518","39778__1465754 D015518"
"329","39778__1465754",0,"5",0.0226009498378452,"D015518","39778__1465754 D015518"
"330","39778__1465754",0,"6",0.0226009498378452,"D006262","39778__1465754 D006262"
"331","39778__1465754",0,"7",0.0226009498378452,"D006262","39778__1465754 D006262"
"332","39778__1465754",0,"8",0.0226009498378452,"D006262","39778__1465754 D006262"
"333","39778__1465754",0,"9",0.0226009498378452,"D015518","39778__1465754 D015518"
"334","39778__1465754",0,"10",0.0226009498378452,"D006262","39778__1465754 D006262"
"335","39778__1465754",0,"11",0.0226009498378452,"D015518","39778__1465754 D015518"
"336","39778__1465754",0,"12",0.0226009498378452,"D006262","39778__1465754 D006262"
"337","39778__1465754",0,"13",0.0226009498378452,"D006262","39778__1465754 D006262"
"338","39778__1465754",0,"14",0.0226009498378452,"D006262","39778__1465754 D006262"
"339","39778__1465754",0,"15",0.0226009498378452,"D006262","39778__1465754 D006262"
"340","39778__1465754",-5.28356217545005,"16",0.0226009498378452,"D006262","39778__1465754 D006262"
"341","39778__1465754",4.11326153043434,"17",0.0226009498378452,"D015518","39778__1465754 D015518"
"342","39778__1465754",0,"18",0.0226009498378452,"D015518","39778__1465754 D015518"
"343","40518__328813",0,"1",0.0406113902491068,"D006262","40518__328813 D006262"
"344","40518__328813",0,"2",0.0406113902491068,"D015518","40518__328813 D015518"
"345","40518__328813",0.229387905635938,"3",0.0406113902491068,"D015518","40518__328813 D015518"
"346","40518__328813",-3.75397500528208,"4",0.0406113902491068,"D015518","40518__328813 D015518"
"347","40518__328813",0,"5",0.0406113902491068,"D015518","40518__328813 D015518"
"348","40518__328813",0,"6",0.0406113902491068,"D006262","40518__328813 D006262"
"349","40518__328813",-0.422293891767205,"7",0.0406113902491068,"D006262","40518__328813 D006262"
"350","40518__328813",0,"8",0.0406113902491068,"D006262","40518__328813 D006262"
"351","40518__328813",0,"9",0.0406113902491068,"D015518","40518__328813 D015518"
"352","40518__328813",0,"10",0.0406113902491068,"D006262","40518__328813 D006262"
"353","40518__328813",0,"11",0.0406113902491068,"D015518","40518__328813 D015518"
"354","40518__328813",4.35419595048168,"12",0.0406113902491068,"D006262","40518__328813 D006262"
"355","40518__328813",0,"13",0.0406113902491068,"D006262","40518__328813 D006262"
"356","40518__328813",0,"14",0.0406113902491068,"D006262","40518__328813 D006262"
"357","40518__328813",0,"15",0.0406113902491068,"D006262","40518__328813 D006262"
"358","40518__328813",-4.52179334839433,"16",0.0406113902491068,"D006262","40518__328813 D006262"
"359","40518__328813",-5.65706518510541,"17",0.0406113902491068,"D015518","40518__328813 D015518"
"360","40518__328813",0,"18",0.0406113902491068,"D015518","40518__328813 D015518"
"361","729__487175",0,"1",0.0199966940427284,"D006262","729__487175 D006262"
"362","729__487175",0,"2",0.0199966940427284,"D015518","729__487175 D015518"
"363","729__487175",0,"3",0.0199966940427284,"D015518","729__487175 D015518"
"364","729__487175",0,"4",0.0199966940427284,"D015518","729__487175 D015518"
"365","729__487175",0,"5",0.0199966940427284,"D015518","729__487175 D015518"
"366","729__487175",3.87579223426272,"6",0.0199966940427284,"D006262","729__487175 D006262"
"367","729__487175",0,"7",0.0199966940427284,"D006262","729__487175 D006262"
"368","729__487175",0,"8",0.0199966940427284,"D006262","729__487175 D006262"
"369","729__487175",-4.9644207615774,"9",0.0199966940427284,"D015518","729__487175 D015518"
"370","729__487175",0,"10",0.0199966940427284,"D006262","729__487175 D006262"
"371","729__487175",0,"11",0.0199966940427284,"D015518","729__487175 D015518"
"372","729__487175",0,"12",0.0199966940427284,"D006262","729__487175 D006262"
"373","729__487175",0,"13",0.0199966940427284,"D006262","729__487175 D006262"
"374","729__487175",0,"14",0.0199966940427284,"D006262","729__487175 D006262"
"375","729__487175",0,"15",0.0199966940427284,"D006262","729__487175 D006262"
"376","729__487175",0,"16",0.0199966940427284,"D006262","729__487175 D006262"
"377","729__487175",0,"17",0.0199966940427284,"D015518","729__487175 D015518"
"378","729__487175",0,"18",0.0199966940427284,"D015518","729__487175 D015518"
"379","817__40520",0,"1",0.0208617768051419,"D006262","817__40520 D006262"
"380","817__40520",0,"2",0.0208617768051419,"D015518","817__40520 D015518"
"381","817__40520",0,"3",0.0208617768051419,"D015518","817__40520 D015518"
"382","817__40520",0,"4",0.0208617768051419,"D015518","817__40520 D015518"
"383","817__40520",0,"5",0.0208617768051419,"D015518","817__40520 D015518"
"384","817__40520",0,"6",0.0208617768051419,"D006262","817__40520 D006262"
"385","817__40520",0,"7",0.0208617768051419,"D006262","817__40520 D006262"
"386","817__40520",0,"8",0.0208617768051419,"D006262","817__40520 D006262"
"387","817__40520",0,"9",0.0208617768051419,"D015518","817__40520 D015518"
"388","817__40520",0,"10",0.0208617768051419,"D006262","817__40520 D006262"
"389","817__40520",0,"11",0.0208617768051419,"D015518","817__40520 D015518"
"390","817__40520",-4.19818064882698,"12",0.0208617768051419,"D006262","817__40520 D006262"
"391","817__40520",0,"13",0.0208617768051419,"D006262","817__40520 D006262"
"392","817__40520",0,"14",0.0208617768051419,"D006262","817__40520 D006262"
"393","817__40520",0,"15",0.0208617768051419,"D006262","817__40520 D006262"
"394","817__40520",0,"16",0.0208617768051419,"D006262","817__40520 D006262"
"395","817__40520",4.86979935395046,"17",0.0208617768051419,"D015518","817__40520 D015518"
"396","817__40520",0,"18",0.0208617768051419,"D015518","817__40520 D015518"
"397","818__204516",0,"1",0.0646223992689782,"D006262","818__204516 D006262"
"398","818__204516",0,"2",0.0646223992689782,"D015518","818__204516 D015518"
"399","818__204516",0,"3",0.0646223992689782,"D015518","818__204516 D015518"
"400","818__204516",0,"4",0.0646223992689782,"D015518","818__204516 D015518"
"401","818__204516",4.10874656095806,"5",0.0646223992689782,"D015518","818__204516 D015518"
"402","818__204516",-3.96729434017235,"6",0.0646223992689782,"D006262","818__204516 D006262"
"403","818__204516",0,"7",0.0646223992689782,"D006262","818__204516 D006262"
"404","818__204516",-4.40388528048419,"8",0.0646223992689782,"D006262","818__204516 D006262"
"405","818__204516",5.04187529319871,"9",0.0646223992689782,"D015518","818__204516 D015518"
"406","818__204516",-4.48670401387492,"10",0.0646223992689782,"D006262","818__204516 D006262"
"407","818__204516",0,"11",0.0646223992689782,"D015518","818__204516 D015518"
"408","818__204516",-4.58002168097138,"12",0.0646223992689782,"D006262","818__204516 D006262"
"409","818__204516",0,"13",0.0646223992689782,"D006262","818__204516 D006262"
"410","818__204516",-4.33258324932646,"14",0.0646223992689782,"D006262","818__204516 D006262"
"411","818__204516",0,"15",0.0646223992689782,"D006262","818__204516 D006262"
"412","818__204516",0,"16",0.0646223992689782,"D006262","818__204516 D006262"
"413","818__204516",0,"17",0.0646223992689782,"D015518","818__204516 D015518"
"414","818__204516",-0.558276373475152,"18",0.0646223992689782,"D015518","818__204516 D015518"
"415","820__28116",5.09782017092603,"1",0.0177322783524607,"D006262","820__28116 D006262"
"416","820__28116",4.75642925070635,"2",0.0177322783524607,"D015518","820__28116 D015518"
"417","820__28116",4.14535683601652,"3",0.0177322783524607,"D015518","820__28116 D015518"
"418","820__28116",4.55688519167243,"4",0.0177322783524607,"D015518","820__28116 D015518"
"419","820__28116",0.860808307897688,"5",0.0177322783524607,"D015518","820__28116 D015518"
"420","820__28116",4.10807823804398,"6",0.0177322783524607,"D006262","820__28116 D006262"
"421","820__28116",4.89579702709663,"7",0.0177322783524607,"D006262","820__28116 D006262"
"422","820__28116",4.31433539037089,"8",0.0177322783524607,"D006262","820__28116 D006262"
"423","820__28116",4.70280724389916,"9",0.0177322783524607,"D015518","820__28116 D015518"
"424","820__28116",4.83519052914813,"10",0.0177322783524607,"D006262","820__28116 D006262"
"425","820__28116",5.06937307149236,"11",0.0177322783524607,"D015518","820__28116 D015518"
"426","820__28116",5.6973564146741,"12",0.0177322783524607,"D006262","820__28116 D006262"
"427","820__28116",4.94889651380537,"13",0.0177322783524607,"D006262","820__28116 D006262"
"428","820__28116",4.1855724456007,"14",0.0177322783524607,"D006262","820__28116 D006262"
"429","820__28116",4.51131411095428,"15",0.0177322783524607,"D006262","820__28116 D006262"
"430","820__28116",4.41286745347324,"16",0.0177322783524607,"D006262","820__28116 D006262"
"431","820__28116",0,"17",0.0177322783524607,"D015518","820__28116 D015518"
"432","820__28116",4.66813569419216,"18",0.0177322783524607,"D015518","820__28116 D015518"
"433","821__46503",0.830845014175721,"1",0.055487969021166,"D006262","821__46503 D006262"
"434","821__46503",5.78058990464663,"2",0.055487969021166,"D015518","821__46503 D015518"
"435","821__46503",0.00569192444293417,"3",0.055487969021166,"D015518","821__46503 D015518"
"436","821__46503",5.71929495919823,"4",0.055487969021166,"D015518","821__46503 D015518"
"437","821__46503",6.31143742024771,"5",0.055487969021166,"D015518","821__46503 D015518"
"438","821__46503",0,"6",0.055487969021166,"D006262","821__46503 D006262"
"439","821__46503",5.06444775660312,"7",0.055487969021166,"D006262","821__46503 D006262"
"440","821__46503",4.40645227963632,"8",0.055487969021166,"D006262","821__46503 D006262"
"441","821__46503",0.681646423371976,"9",0.055487969021166,"D015518","821__46503 D015518"
"442","821__46503",4.51323669888867,"10",0.055487969021166,"D006262","821__46503 D006262"
"443","821__46503",0,"11",0.055487969021166,"D015518","821__46503 D015518"
"444","821__46503",4.73403130470579,"12",0.055487969021166,"D006262","821__46503 D006262"
"445","821__46503",0.439237177668672,"13",0.055487969021166,"D006262","821__46503 D006262"
"446","821__46503",1.19182720684727,"14",0.055487969021166,"D006262","821__46503 D006262"
"447","821__46503",0.101181579095333,"15",0.055487969021166,"D006262","821__46503 D006262"
"448","821__46503",0,"16",0.055487969021166,"D006262","821__46503 D006262"
"449","821__46503",0,"17",0.055487969021166,"D015518","821__46503 D015518"
"450","821__46503",4.940891183929,"18",0.055487969021166,"D015518","821__46503 D015518"
"451","823__397865",0,"1",0.0522346754656232,"D006262","823__397865 D006262"
"452","823__397865",0,"2",0.0522346754656232,"D015518","823__397865 D015518"
"453","823__397865",0,"3",0.0522346754656232,"D015518","823__397865 D015518"
"454","823__397865",4.59554569046335,"4",0.0522346754656232,"D015518","823__397865 D015518"
"455","823__397865",3.66144435786923,"5",0.0522346754656232,"D015518","823__397865 D015518"
"456","823__397865",0,"6",0.0522346754656232,"D006262","823__397865 D006262"
"457","823__397865",-4.3518199716542,"7",0.0522346754656232,"D006262","823__397865 D006262"
"458","823__397865",-5.2985598948924,"8",0.0522346754656232,"D006262","823__397865 D006262"
"459","823__397865",0,"9",0.0522346754656232,"D015518","823__397865 D015518"
"460","823__397865",0,"10",0.0522346754656232,"D006262","823__397865 D006262"
"461","823__397865",0,"11",0.0522346754656232,"D015518","823__397865 D015518"
"462","823__397865",0,"12",0.0522346754656232,"D006262","823__397865 D006262"
"463","823__397865",-4.91070129893344,"13",0.0522346754656232,"D006262","823__397865 D006262"
"464","823__397865",0,"14",0.0522346754656232,"D006262","823__397865 D006262"
"465","823__397865",0,"15",0.0522346754656232,"D006262","823__397865 D006262"
"466","823__397865",0,"16",0.0522346754656232,"D006262","823__397865 D006262"
"467","823__397865",0,"17",0.0522346754656232,"D015518","823__397865 D015518"
"468","823__397865",0,"18",0.0522346754656232,"D015518","823__397865 D015518"
"469","853__1535",4.66327655799219,"1",0.062011477864947,"D006262","853__1535 D006262"
"470","853__1535",0,"2",0.062011477864947,"D015518","853__1535 D015518"
"471","853__1535",4.66368994899734,"3",0.062011477864947,"D015518","853__1535 D015518"
"472","853__1535",-4.96786443641159,"4",0.062011477864947,"D015518","853__1535 D015518"
"473","853__1535",0,"5",0.062011477864947,"D015518","853__1535 D015518"
"474","853__1535",0,"6",0.062011477864947,"D006262","853__1535 D006262"
"475","853__1535",0,"7",0.062011477864947,"D006262","853__1535 D006262"
"476","853__1535",4.59586482887389,"8",0.062011477864947,"D006262","853__1535 D006262"
"477","853__1535",0,"9",0.062011477864947,"D015518","853__1535 D015518"
"478","853__1535",4.46302321538739,"10",0.062011477864947,"D006262","853__1535 D006262"
"479","853__1535",0,"11",0.062011477864947,"D015518","853__1535 D015518"
"480","853__1535",0,"12",0.062011477864947,"D006262","853__1535 D006262"
"481","853__1535",0,"13",0.062011477864947,"D006262","853__1535 D006262"
"482","853__1535",4.41395394015031,"14",0.062011477864947,"D006262","853__1535 D006262"
"483","853__1535",4.73218107660566,"15",0.062011477864947,"D006262","853__1535 D006262"
"484","853__1535",0,"16",0.062011477864947,"D006262","853__1535 D006262"
"485","853__1535",0,"17",0.062011477864947,"D015518","853__1535 D015518"
"486","853__1535",0,"18",0.062011477864947,"D015518","853__1535 D015518"
"487","861__360807",0,"1",0.0199077312823522,"D006262","861__360807 D006262"
"488","861__360807",4.42540086732853,"2",0.0199077312823522,"D015518","861__360807 D015518"
"489","861__360807",0,"3",0.0199077312823522,"D015518","861__360807 D015518"
"490","861__360807",0,"4",0.0199077312823522,"D015518","861__360807 D015518"
"491","861__360807",0,"5",0.0199077312823522,"D015518","861__360807 D015518"
"492","861__360807",0,"6",0.0199077312823522,"D006262","861__360807 D006262"
"493","861__360807",0,"7",0.0199077312823522,"D006262","861__360807 D006262"
"494","861__360807",0,"8",0.0199077312823522,"D006262","861__360807 D006262"
"495","861__360807",0,"9",0.0199077312823522,"D015518","861__360807 D015518"
"496","861__360807",0,"10",0.0199077312823522,"D006262","861__360807 D006262"
"497","861__360807",0,"11",0.0199077312823522,"D015518","861__360807 D015518"
"498","861__360807",0,"12",0.0199077312823522,"D006262","861__360807 D006262"
"499","861__360807",0,"13",0.0199077312823522,"D006262","861__360807 D006262"
"500","861__360807",-4.45433400628266,"14",0.0199077312823522,"D006262","861__360807 D006262"
"501","861__360807",0,"15",0.0199077312823522,"D006262","861__360807 D006262"
"502","861__360807",0,"16",0.0199077312823522,"D006262","861__360807 D006262"
"503","861__360807",0,"17",0.0199077312823522,"D015518","861__360807 D015518"
"504","861__360807",0,"18",0.0199077312823522,"D015518","861__360807 D015518"
"505","905__1515",0,"1",0.020627139072473,"D006262","905__1515 D006262"
"506","905__1515",0,"2",0.020627139072473,"D015518","905__1515 D015518"
"507","905__1515",0,"3",0.020627139072473,"D015518","905__1515 D015518"
"508","905__1515",0,"4",0.020627139072473,"D015518","905__1515 D015518"
"509","905__1515",0,"5",0.020627139072473,"D015518","905__1515 D015518"
"510","905__1515",0,"6",0.020627139072473,"D006262","905__1515 D006262"
"511","905__1515",0,"7",0.020627139072473,"D006262","905__1515 D006262"
"512","905__1515",0,"8",0.020627139072473,"D006262","905__1515 D006262"
"513","905__1515",4.9270444882406,"9",0.020627139072473,"D015518","905__1515 D015518"
"514","905__1515",0,"10",0.020627139072473,"D006262","905__1515 D006262"
"515","905__1515",0,"11",0.020627139072473,"D015518","905__1515 D015518"
"516","905__1515",-4.07607581741854,"12",0.020627139072473,"D006262","905__1515 D006262"
"517","905__1515",0,"13",0.020627139072473,"D006262","905__1515 D006262"
"518","905__1515",0,"14",0.020627139072473,"D006262","905__1515 D006262"
"519","905__1515",0,"15",0.020627139072473,"D006262","905__1515 D006262"
"520","905__1515",0,"16",0.020627139072473,"D006262","905__1515 D006262"
"521","905__1515",0,"17",0.020627139072473,"D015518","905__1515 D015518"
"522","905__1515",0,"18",0.020627139072473,"D015518","905__1515 D015518"
"523","907__39485",0,"1",0.0207089437761403,"D006262","907__39485 D006262"
"524","907__39485",4.87482076503917,"2",0.0207089437761403,"D015518","907__39485 D015518"
"525","907__39485",0,"3",0.0207089437761403,"D015518","907__39485 D015518"
"526","907__39485",0,"4",0.0207089437761403,"D015518","907__39485 D015518"
"527","907__39485",0,"5",0.0207089437761403,"D015518","907__39485 D015518"
"528","907__39485",0,"6",0.0207089437761403,"D006262","907__39485 D006262"
"529","907__39485",0,"7",0.0207089437761403,"D006262","907__39485 D006262"
"530","907__39485",0,"8",0.0207089437761403,"D006262","907__39485 D006262"
"531","907__39485",0,"9",0.0207089437761403,"D015518","907__39485 D015518"
"532","907__39485",-4.15652775279178,"10",0.0207089437761403,"D006262","907__39485 D006262"
"533","907__39485",0,"11",0.0207089437761403,"D015518","907__39485 D015518"
"534","907__39485",0,"12",0.0207089437761403,"D006262","907__39485 D006262"
"535","907__39485",0,"13",0.0207089437761403,"D006262","907__39485 D006262"
"536","907__39485",0,"14",0.0207089437761403,"D006262","907__39485 D006262"
"537","907__39485",0,"15",0.0207089437761403,"D006262","907__39485 D006262"
"538","907__39485",0,"16",0.0207089437761403,"D006262","907__39485 D006262"
"539","907__39485",0,"17",0.0207089437761403,"D015518","907__39485 D015518"
"540","907__39485",0,"18",0.0207089437761403,"D015518","907__39485 D015518"
